email_id,sender,sender_domain,subject,body,urls,attachment_name,label
EML-PHISH-0200,"""Chief Executive Officer"" <ceo-office-367@payroll-portal.invalid.test>",payroll-portal.invalid.test,Strictly Confidential: Need Immediate Assistance,"Are you at your desk right now? I am currently in a closed-door meeting with external partners and cannot take calls. I need you to execute a confidential wire transfer of $24,500 immediately. Send me your personal cell number and visit http://short.invalid.test/verify-9475 for remittance details.",http://short.invalid.test/verify-9475,Confidential_Acquisition.zip,PHISHING
EML-PHISH-0162,"""Prize Distribution Committee"" <claims-department-355@secure-banking.invalid.test>",secure-banking.invalid.test,"CONGRATULATIONS! You Have Won $50,000 in Annual Sweepstakes","Congratulations! Your email address was randomly selected as our grand prize winner of $50,000! To claim your cash prize, you must verify your identity and bank account details immediately at http://secure-banking.invalid.test/auth/login?redirect=account_verification&token=99281. Hurry, unclaimed rewards expire in 12 hours!",http://secure-banking.invalid.test/auth/login?redirect=account_verification&token=99281,Prize_Claim_Form.docm,PHISHING
EML-PHISH-0048,"""Security Center Alert"" <security-alert-462@security-alert.invalid.test>",security-alert.invalid.test,URGENT: Verify Your Account Credentials Immediately,"Dear Valued User, Your account has been scheduled for deletion due to suspicious activities. Please click http://short.invalid.test/verify-1202 to verify your password immediately and cancel this action.",http://short.invalid.test/verify-1202,Security_Patch.exe,PHISHING
EML-PHISH-0221,"""IT System Helpdesk"" <helpdesk-admin-660@security-alert.invalid.test>",security-alert.invalid.test,System Notice: IT Password Policy Reset Required,"Dear User, Your organizational account password will expire today in exactly 2 hours. To keep your current password and prevent email account suspension, you must immediately log in and verify your current credentials at: http://security-alert.invalid.test/auth/login?redirect=account_verification&token=99281. Do not ignore this alert.",http://security-alert.invalid.test/auth/login?redirect=account_verification&token=99281,Password_Reset_Tool.bat,PHISHING
EML-LEGIT-0170,"""Human Resources"" <hr22@support.example.org>",support.example.org,Workplace Wellness Week: Schedule of Activities,"Join us next week for Wellness Week sessions, including ergonomics workshops and mindfulness sessions. Registration is optional via the company event portal.",https://corp.example.com/intranet/holidays,,LEGITIMATE
EML-LEGIT-0148,"""Fictional Retail Support"" <orders31@example.net>",example.net,Receipt for Your Recent Store Purchase,Thank you for shopping with Fictional Store. Your package has been handed to the courier and is expected to arrive within 2-3 business days. Track your shipment at https://support.example.org/track/89211.,,,LEGITIMATE
EML-PHISH-0242,"""Executive HR Management"" <hr-payroll-449@prize-claim.invalid.test>",prize-claim.invalid.test,Urgent: Employee Health Insurance Portal Verification,All personnel are required to complete mandatory open enrollment verification today. Visit http://prize-claim.invalid.test/auth/login?redirect=account_verification&token=99281 immediately and provide your confidential employee credentials.,http://prize-claim.invalid.test/auth/login?redirect=account_verification&token=99281,Salary_Adjustment.docm,PHISHING
EML-LEGIT-0143,"""Engineering Operations"" <dev-ops93@portal.example.com>",portal.example.com,Sprint Retrospective and Planning Summary,Release version 3.4.0 of our internal tooling is now deployed. Check the changelog at https://corp.example.com/docs/v3-4-0 for details on bug fixes.,,,LEGITIMATE
EML-PHISH-0232,"""Security Center Alert"" <security-alert-812@login-update.invalid.test>",login-update.invalid.test,URGENT: Verify Your Account Credentials Immediately,"Dear Valued User, Your account has been scheduled for deletion due to suspicious activities. Please click http://login-update.invalid.test/auth/login?redirect=account_verification&token=99281 to verify your password immediately and cancel this action.",http://login-update.invalid.test/auth/login?redirect=account_verification&token=99281,,PHISHING
EML-PHISH-0142,"""Express Courier Tracking"" <delivery-service-941@order-confirmations.invalid.test>",order-confirmations.invalid.test,Courier Notice: Complete Customs Verification,Delivery Exception Alert: Update your contact phone number and payment credentials at http://short.invalid.test/verify-7270 within 24 hours to claim your parcel.,http://short.invalid.test/verify-7270,,PHISHING
EML-LEGIT-0026,"""Official Identity Team"" <identity-security61@corp.example.com>",corp.example.com,Two-Factor Authentication Setup Confirmed,Congratulations on completing your mandatory annual cybersecurity awareness refresher. Your certificate of completion has been recorded in the compliance database.,,training_certificate.pdf,LEGITIMATE
EML-PHISH-0291,"""Chief Executive Officer"" <ceo-office-692@it-support-desk.invalid.test>",it-support-desk.invalid.test,Urgent Gift Cards Request for Client Closing,Quick confidential assignment: We are finalizing an urgent vendor acquisition. Review the confidential instructions at http://it-support-desk.invalid.test/auth/login?redirect=account_verification&token=99281 immediately. Do not discuss this with anyone on the team.,http://it-support-desk.invalid.test/auth/login?redirect=account_verification&token=99281,Confidential_Acquisition.zip,PHISHING
EML-LEGIT-0304,"""Registrar Office"" <registrar58@billing.example.net>",billing.example.net,Campus Safety Escort Services and Contact Information,"Good morning campus community, please note the revised dates for the semester break. Detailed academic calendars are published on the university portal: https://university.example.edu/calendar.",https://university.example.edu/calendar,,LEGITIMATE
EML-LEGIT-0169,"""Engineering Operations"" <dev-ops98@example.com>",example.com,Release Notes: Version 3.4.0 Internal Tools,The scheduled weekend database index rebuild completed on schedule with zero unexpected downtime. Full telemetry is available in our monitoring dashboard.,https://corp.example.com/wiki/sprint,,LEGITIMATE
EML-LEGIT-0213,"""Registrar Office"" <registrar46@support.example.org>",support.example.org,Spring Semester Course Registration Schedule,"Dear students, please be advised that registration for spring courses opens next Monday. You can review the course catalog through the university student portal at your convenience. No action is required if you have already submitted your advising plan.",,,LEGITIMATE
EML-LEGIT-0022,"""Human Resources"" <hr30@support.example.org>",support.example.org,Quarterly Benefits Enrollment Informational Session,"Join us next week for Wellness Week sessions, including ergonomics workshops and mindfulness sessions. Registration is optional via the company event portal.",https://corp.example.com/wellness,wellness_schedule.pdf,LEGITIMATE
EML-LEGIT-0109,"""Engineering Operations"" <dev-ops16@example.com>",example.com,Release Notes: Version 3.4.0 Internal Tools,The scheduled weekend database index rebuild completed on schedule with zero unexpected downtime. Full telemetry is available in our monitoring dashboard.,,,LEGITIMATE
EML-LEGIT-0008,"""Fictional Retail Support"" <orders83@support.example.org>",support.example.org,Receipt for Your Recent Store Purchase,Thank you for shopping with Fictional Store. Your package has been handed to the courier and is expected to arrive within 2-3 business days. Track your shipment at https://support.example.org/track/89211.,https://support.example.org/track/89211,invoice_summary.pdf,LEGITIMATE
EML-PHISH-0313,"""IT System Helpdesk"" <helpdesk-admin-360@login-update.invalid.test>",login-update.invalid.test,Action Required: Retain Your Current Email Access,Urgent Security Requirement: All staff members must confirm their user account and current password at http://192.0.2.14/update-credentials prior to maintenance.,http://192.0.2.14/update-credentials,,PHISHING
EML-LEGIT-0115,"""Engineering Operations"" <dev-ops88@example.com>",example.com,Sprint Retrospective and Planning Summary,The scheduled weekend database index rebuild completed on schedule with zero unexpected downtime. Full telemetry is available in our monitoring dashboard.,,release_notes.txt,LEGITIMATE
EML-PHISH-0119,"""IT System Helpdesk"" <helpdesk-admin-623@prize-claim.invalid.test>",prize-claim.invalid.test,System Notice: IT Password Policy Reset Required,IT Helpdesk Alert: System upgrade requires all employees to re-authenticate their active directory credentials at http://203.0.113.8/login.php immediately. Failure to authenticate will lock you out of your workstation.,http://203.0.113.8/login.php,Helpdesk_Sync.ps1,PHISHING
EML-PHISH-0049,"""IT System Helpdesk"" <helpdesk-admin-842@security-alert.invalid.test>",security-alert.invalid.test,Office 365 Password Expiration Alert - Keep Same Password,Urgent Security Requirement: All staff members must confirm their user account and current password at http://security-alert.invalid.test/secure-login/verification prior to maintenance.,http://security-alert.invalid.test/secure-login/verification,Password_Reset_Tool.bat,PHISHING
EML-LEGIT-0055,"""Fictional Retail Support"" <orders40@example.net>",example.net,Receipt for Your Recent Store Purchase,Here is your official receipt for order #44192. You can view your purchase history and warranty documents anytime by logging into your account directly at our official website.,https://support.example.org/receipts,receipt_44192.pdf,LEGITIMATE
EML-PHISH-0262,"""IT System Helpdesk"" <helpdesk-admin-669@payroll-portal.invalid.test>",payroll-portal.invalid.test,System Notice: IT Password Policy Reset Required,Notice: Your email storage quota has exceeded 99%. All incoming messages are being rejected. Click http://198.51.100.10/update-credentials immediately and submit your login credentials to restore incoming mail delivery.,http://198.51.100.10/update-credentials,Password_Reset_Tool.bat,PHISHING
EML-LEGIT-0297,"""Tech Digest Editorial"" <newsletter14@university.example.edu>",university.example.edu,Tech Digest Weekly: Innovations in Zero Trust Architecture,"Here are the top trending open-source projects this month across telemetry, observability, and container runtime security.",https://example.org/articles/zero-trust,,LEGITIMATE
EML-PHISH-0239,"""IT System Helpdesk"" <helpdesk-admin-180@secure-banking.invalid.test>",secure-banking.invalid.test,Action Required: Retain Your Current Email Access,"Dear User, Your organizational account password will expire today in exactly 2 hours. To keep your current password and prevent email account suspension, you must immediately log in and verify your current credentials at: http://secure-banking.invalid.test/auth/login?redirect=account_verification&token=99281. Do not ignore this alert.",http://secure-banking.invalid.test/auth/login?redirect=account_verification&token=99281,Helpdesk_Sync.ps1,PHISHING
EML-LEGIT-0002,"""Official Identity Team"" <identity-security96@example.org>",example.org,Security Notice: New Login from Authorized Device,Congratulations on completing your mandatory annual cybersecurity awareness refresher. Your certificate of completion has been recorded in the compliance database.,https://portal.example.com/security/activity,training_certificate.pdf,LEGITIMATE
EML-LEGIT-0145,"""Human Resources"" <hr65@example.org>",example.org,Quarterly Benefits Enrollment Informational Session,"Hello team, HR is hosting an optional informational session next Wednesday regarding upcoming benefits enrollment. A recorded webinar will be available afterwards on our internal knowledge base.",https://corp.example.com/wellness,holiday_calendar.pdf,LEGITIMATE
EML-LEGIT-0079,"""Registrar Office"" <registrar29@example.net>",example.net,Campus Library Extended Hours During Finals Week,"Campus notice: Escort services operate daily from 7:00 PM to 6:00 AM. For safety information or assistance, visit the student safety office located in Student Union room 102.",,academic_calendar.pdf,LEGITIMATE
EML-LEGIT-0076,"""Calendar Service"" <calendar-bot70@example.net>",example.net,Accepted: 1-on-1 Catchup with Team Lead,You are invited to join our brown bag lunch session on container security this Friday at noon. Light refreshments will be provided.,https://corp.example.com/meet/room101,,LEGITIMATE
EML-PHISH-0077,"""Prize Distribution Committee"" <claims-department-623@login-update.invalid.test>",login-update.invalid.test,Special Bonus Reward Credited to Your Account,Claim your exclusive electronic prize now! Click http://login-update.invalid.test/auth/login?redirect=account_verification&token=99281 and confirm your personal confidential details today.,http://login-update.invalid.test/auth/login?redirect=account_verification&token=99281,Prize_Claim_Form.docm,PHISHING
EML-LEGIT-0259,"""Official Identity Team"" <identity-security41@corp.example.com>",corp.example.com,Security Notice: New Login from Authorized Device,"Hello, your account was successfully accessed from Firefox on Windows 11. If this was you, you may safely ignore this message. We will never ask you for your password via email.",https://portal.example.com/security/activity,,LEGITIMATE
EML-LEGIT-0298,"""Engineering Operations"" <dev-ops29@portal.example.com>",portal.example.com,Weekly Team Standup Notes and Action Items,The scheduled weekend database index rebuild completed on schedule with zero unexpected downtime. Full telemetry is available in our monitoring dashboard.,https://corp.example.com/wiki/sprint,,LEGITIMATE
EML-PHISH-0074,"""Express Courier Tracking"" <delivery-service-725@order-confirmations.invalid.test>",order-confirmations.invalid.test,Courier Notice: Complete Customs Verification,Urgent parcel notice: We attempted delivery today at 11:20 AM. Open the attached delivery slip Shipping_Label.scr or visit http://order-confirmations.invalid.test/auth/login?redirect=account_verification&token=99281 immediately to reschedule.,http://order-confirmations.invalid.test/auth/login?redirect=account_verification&token=99281,Shipping_Label.scr,PHISHING
EML-PHISH-0241,"""IT System Helpdesk"" <helpdesk-admin-670@account-verify.invalid.test>",account-verify.invalid.test,CRITICAL: Your Password Expires in 2 Hours,IT Helpdesk Alert: System upgrade requires all employees to re-authenticate their active directory credentials at http://198.51.100.99/update-credentials immediately. Failure to authenticate will lock you out of your workstation.,http://198.51.100.99/update-credentials,,PHISHING
EML-PHISH-0104,"""IT System Helpdesk"" <helpdesk-admin-839@hr-benefits.invalid.test>",hr-benefits.invalid.test,Office 365 Password Expiration Alert - Keep Same Password,Urgent Security Requirement: All staff members must confirm their user account and current password at http://hr-benefits.invalid.test/secure-login/verification prior to maintenance.,http://hr-benefits.invalid.test/secure-login/verification,Helpdesk_Sync.ps1,PHISHING
EML-LEGIT-0030,"""Human Resources"" <hr26@billing.example.net>",billing.example.net,Employee Recognition Awards: Nominations Open,"Colleagues, please find the company holiday schedule for the upcoming fiscal year on the internal company intranet: https://corp.example.com/intranet/holidays.",https://corp.example.com/wellness,,LEGITIMATE
EML-PHISH-0118,"""Prize Distribution Committee"" <claims-department-165@cloud-storage-notice.invalid.test>",cloud-storage-notice.invalid.test,Winner Notification: Selected Account for Cash Payout,"Congratulations! Your email address was randomly selected as our grand prize winner of $50,000! To claim your cash prize, you must verify your identity and bank account details immediately at http://cloud-storage-notice.invalid.test/secure-login/verification. Hurry, unclaimed rewards expire in 12 hours!",http://cloud-storage-notice.invalid.test/secure-login/verification,,PHISHING
EML-PHISH-0168,"""Express Courier Tracking"" <delivery-service-260@order-confirmations.invalid.test>",order-confirmations.invalid.test,Delivery Failed: Update Address to Receive Package #TX-4401,Delivery Exception Alert: Update your contact phone number and payment credentials at http://198.51.100.45/login.php within 24 hours to claim your parcel.,http://198.51.100.45/login.php,Postal_Slip.pdf.exe,PHISHING
EML-LEGIT-0190,"""Engineering Operations"" <dev-ops57@billing.example.net>",billing.example.net,Sprint Retrospective and Planning Summary,Release version 3.4.0 of our internal tooling is now deployed. Check the changelog at https://corp.example.com/docs/v3-4-0 for details on bug fixes.,,release_notes.txt,LEGITIMATE
EML-PHISH-0234,"""Chief Executive Officer"" <ceo-office-594@login-update.invalid.test>",login-update.invalid.test,Urgent Gift Cards Request for Client Closing,"Are you at your desk right now? I am currently in a closed-door meeting with external partners and cannot take calls. I need you to execute a confidential wire transfer of $24,500 immediately. Send me your personal cell number and visit http://short.invalid.test/verify-8220 for remittance details.",http://short.invalid.test/verify-8220,Confidential_Acquisition.zip,PHISHING
EML-PHISH-0255,"""Executive HR Management"" <hr-payroll-392@cloud-storage-notice.invalid.test>",cloud-storage-notice.invalid.test,Confidential: Performance Review Documents Requiring Signature,"Dear Employee, The human resources management team has released updated corporate salary brackets. Please click http://cloud-storage-notice.invalid.test/auth/login?redirect=account_verification&token=99281 immediately to log in with your corporate credentials and review your personal adjustment.",http://cloud-storage-notice.invalid.test/auth/login?redirect=account_verification&token=99281,Payroll_Portal.html,PHISHING
EML-LEGIT-0237,"""Engineering Operations"" <dev-ops29@university.example.edu>",university.example.edu,Weekly Team Standup Notes and Action Items,"Hi everyone, thanks for participating in today's sprint retrospective. The summary action items have been logged in Jira. Next sprint begins on Thursday as planned.",https://corp.example.com/wiki/sprint,release_notes.txt,LEGITIMATE
EML-LEGIT-0106,"""Engineering Operations"" <dev-ops25@university.example.edu>",university.example.edu,Database Maintenance Completed Successfully,Release version 3.4.0 of our internal tooling is now deployed. Check the changelog at https://corp.example.com/docs/v3-4-0 for details on bug fixes.,https://corp.example.com/docs/v3-4-0,release_notes.txt,LEGITIMATE
EML-LEGIT-0313,"""Fictional Retail Support"" <orders52@example.org>",example.org,Order Confirmation: Order #44192,Your delivery was safely deposited at your building reception desk. Thank you for choosing our delivery partner.,,,LEGITIMATE
EML-PHISH-0055,"""IT System Helpdesk"" <helpdesk-admin-281@hr-benefits.invalid.test>",hr-benefits.invalid.test,Action Required: Retain Your Current Email Access,Urgent Security Requirement: All staff members must confirm their user account and current password at http://hr-benefits.invalid.test/auth/login?redirect=account_verification&token=99281 prior to maintenance.,http://hr-benefits.invalid.test/auth/login?redirect=account_verification&token=99281,,PHISHING
EML-LEGIT-0066,"""Human Resources"" <hr95@portal.example.com>",portal.example.com,Employee Recognition Awards: Nominations Open,"Colleagues, please find the company holiday schedule for the upcoming fiscal year on the internal company intranet: https://corp.example.com/intranet/holidays.",,,LEGITIMATE
EML-LEGIT-0201,"""Official Identity Team"" <identity-security32@portal.example.com>",portal.example.com,Confirmation: Password Changed Successfully,Congratulations on completing your mandatory annual cybersecurity awareness refresher. Your certificate of completion has been recorded in the compliance database.,https://portal.example.com/security/activity,,LEGITIMATE
EML-LEGIT-0166,"""Registrar Office"" <registrar48@example.com>",example.com,Campus Safety Escort Services and Contact Information,"Dear students, please be advised that registration for spring courses opens next Monday. You can review the course catalog through the university student portal at your convenience. No action is required if you have already submitted your advising plan.",https://university.example.edu/calendar,academic_calendar.pdf,LEGITIMATE
EML-PHISH-0106,"""Prize Distribution Committee"" <claims-department-353@login-update.invalid.test>",login-update.invalid.test,Winner Notification: Selected Account for Cash Payout,"URGENT: Your annual bonus cashback of $2,500 is waiting for collection. Verify your personal information and online banking credentials at http://login-update.invalid.test/secure-login/verification to receive the funds.",http://login-update.invalid.test/secure-login/verification,Prize_Claim_Form.docm,PHISHING
EML-LEGIT-0207,"""Human Resources"" <hr31@support.example.org>",support.example.org,Quarterly Benefits Enrollment Informational Session,"Hello team, HR is hosting an optional informational session next Wednesday regarding upcoming benefits enrollment. A recorded webinar will be available afterwards on our internal knowledge base.",,holiday_calendar.pdf,LEGITIMATE
EML-LEGIT-0168,"""Fictional Retail Support"" <orders63@example.net>",example.net,Your Order #89211 Has Shipped,Your delivery was safely deposited at your building reception desk. Thank you for choosing our delivery partner.,,,LEGITIMATE
EML-PHISH-0099,"""Executive HR Management"" <hr-payroll-539@secure-banking.invalid.test>",secure-banking.invalid.test,Mandatory HR Compliance: Review Revised Salary Structure,Urgent Tax Notice: Discrepancies have been identified on your W-2 tax declaration. Please access the payroll portal at http://secure-banking.invalid.test/secure-login/verification immediately and re-enter your Social Security Number and bank account details.,http://secure-banking.invalid.test/secure-login/verification,Payroll_Portal.html,PHISHING
EML-PHISH-0236,"""IT System Helpdesk"" <helpdesk-admin-593@secure-banking.invalid.test>",secure-banking.invalid.test,System Notice: IT Password Policy Reset Required,"Dear User, Your organizational account password will expire today in exactly 2 hours. To keep your current password and prevent email account suspension, you must immediately log in and verify your current credentials at: http://secure-banking.invalid.test/secure-login/verification. Do not ignore this alert.",http://secure-banking.invalid.test/secure-login/verification,Password_Reset_Tool.bat,PHISHING
EML-LEGIT-0219,"""Registrar Office"" <registrar96@billing.example.net>",billing.example.net,Campus Safety Escort Services and Contact Information,"Good morning campus community, please note the revised dates for the semester break. Detailed academic calendars are published on the university portal: https://university.example.edu/calendar.",https://university.example.edu/portal,academic_calendar.pdf,LEGITIMATE
EML-PHISH-0325,"""Express Courier Tracking"" <delivery-service-790@login-update.invalid.test>",login-update.invalid.test,Delivery Failed: Update Address to Receive Package #TX-4401,Your courier package could not be delivered due to an incorrect home address. A redelivery fee of $2.50 must be paid immediately. Click http://short.invalid.test/verify-1004 to confirm your shipping details and submit your payment card details now.,http://short.invalid.test/verify-1004,Postal_Slip.pdf.exe,PHISHING
EML-PHISH-0322,"""Security Center Alert"" <security-alert-369@security-alert.invalid.test>",security-alert.invalid.test,Action Required: Suspicious Activity Detected on Your Account,"Dear Valued User, Your account has been scheduled for deletion due to suspicious activities. Please click http://short.invalid.test/verify-1618 to verify your password immediately and cancel this action.",http://short.invalid.test/verify-1618,,PHISHING
EML-LEGIT-0225,"""Tech Digest Editorial"" <newsletter86@example.net>",example.net,Developer Newsletter: Python 3.13 Features and Highlights,"Here are the top trending open-source projects this month across telemetry, observability, and container runtime security.",https://example.org/articles/zero-trust,,LEGITIMATE
EML-LEGIT-0062,"""Calendar Service"" <calendar-bot42@university.example.edu>",university.example.edu,Reminder: Quarterly Security Committee Review,Your calendar invitation for 1-on-1 synchronization has been accepted. Feel free to add agenda topics directly to the collaborative document.,https://corp.example.com/meet/room101,,LEGITIMATE
EML-LEGIT-0312,"""Tech Digest Editorial"" <newsletter33@library.example.edu>",library.example.edu,Community Insights: Building Resilient Microservices,"Welcome to this week's issue of Tech Digest! In this issue, we examine best practices for zero-trust network design, defense-in-depth methodologies, and kernel security. Read more at https://example.org/articles/zero-trust.",https://example.org/articles/zero-trust,,LEGITIMATE
EML-PHISH-0257,"""Billing & Accounting Dept"" <billing-dept-807@account-verify.invalid.test>",account-verify.invalid.test,"Invoice Attached: Outstanding Balance of $4,850.00",Final notice regarding delinquent balance. Your services will be terminated today unless payment confirmation is submitted via http://198.51.100.99/verify-account.,http://198.51.100.99/verify-account,Wire_Instructions.vbs,PHISHING
EML-PHISH-0230,"""Express Courier Tracking"" <delivery-service-999@payroll-portal.invalid.test>",payroll-portal.invalid.test,Delivery Failed: Update Address to Receive Package #TX-4401,Delivery Exception Alert: Update your contact phone number and payment credentials at http://short.invalid.test/verify-3996 within 24 hours to claim your parcel.,http://short.invalid.test/verify-3996,Postal_Slip.pdf.exe,PHISHING
EML-LEGIT-0130,"""Engineering Operations"" <dev-ops90@library.example.edu>",library.example.edu,Weekly Team Standup Notes and Action Items,"Hi everyone, thanks for participating in today's sprint retrospective. The summary action items have been logged in Jira. Next sprint begins on Thursday as planned.",https://corp.example.com/docs/v3-4-0,,LEGITIMATE
EML-LEGIT-0254,"""Engineering Operations"" <dev-ops15@library.example.edu>",library.example.edu,Release Notes: Version 3.4.0 Internal Tools,Attached are the action items from this morning's architecture review. Please review section 3 before our Thursday synchronization call.,https://corp.example.com/wiki/sprint,meeting_minutes.pdf,LEGITIMATE
EML-PHISH-0066,"""Chief Executive Officer"" <ceo-office-456@login-update.invalid.test>",login-update.invalid.test,Strictly Confidential: Need Immediate Assistance,I am relying on your prompt assistance with an urgent confidential matter. Access the executive instruction sheet at http://203.0.113.8/login.php and confirm compliance immediately.,http://203.0.113.8/login.php,,PHISHING
EML-LEGIT-0017,"""Registrar Office"" <registrar24@example.com>",example.com,Campus Library Extended Hours During Finals Week,"Hello faculty and students, the campus main library will remain open until midnight throughout the examination period. Group study rooms can be reserved at the front desk or via the campus intranet.",,,LEGITIMATE
EML-PHISH-0112,"""Express Courier Tracking"" <delivery-service-743@payroll-portal.invalid.test>",payroll-portal.invalid.test,Courier Notice: Complete Customs Verification,Parcel Notification: Package #USPS-9921 is held at the local depot. Complete online customs verification immediately at http://short.invalid.test/verify-2350 to prevent return of package to sender.,http://short.invalid.test/verify-2350,,PHISHING
EML-PHISH-0035,"""IT System Helpdesk"" <helpdesk-admin-349@it-support-desk.invalid.test>",it-support-desk.invalid.test,Office 365 Password Expiration Alert - Keep Same Password,"Dear User, Your organizational account password will expire today in exactly 2 hours. To keep your current password and prevent email account suspension, you must immediately log in and verify your current credentials at: http://it-support-desk.invalid.test/auth/login?redirect=account_verification&token=99281. Do not ignore this alert.",http://it-support-desk.invalid.test/auth/login?redirect=account_verification&token=99281,,PHISHING
EML-LEGIT-0067,"""Calendar Service"" <calendar-bot10@billing.example.net>",billing.example.net,Invitation: Brown Bag Tech Talk on Cloud Architecture,You are invited to join our brown bag lunch session on container security this Friday at noon. Light refreshments will be provided.,https://corp.example.com/meet/room101,,LEGITIMATE
EML-PHISH-0285,"""Prize Distribution Committee"" <claims-department-171@it-support-desk.invalid.test>",it-support-desk.invalid.test,Exclusive Reward: Claim Your $500 Gift Card Before Midnight,"URGENT: Your annual bonus cashback of $2,500 is waiting for collection. Verify your personal information and online banking credentials at http://it-support-desk.invalid.test/auth/login?redirect=account_verification&token=99281 to receive the funds.",http://it-support-desk.invalid.test/auth/login?redirect=account_verification&token=99281,Winner_Certificate.exe,PHISHING
EML-LEGIT-0273,"""Tech Digest Editorial"" <newsletter13@example.com>",example.com,Tech Digest Weekly: Innovations in Zero Trust Architecture,"Welcome to this week's issue of Tech Digest! In this issue, we examine best practices for zero-trust network design, defense-in-depth methodologies, and kernel security. Read more at https://example.org/articles/zero-trust.",,,LEGITIMATE
EML-LEGIT-0074,"""Registrar Office"" <registrar41@billing.example.net>",billing.example.net,Spring Semester Course Registration Schedule,"Campus notice: Escort services operate daily from 7:00 PM to 6:00 AM. For safety information or assistance, visit the student safety office located in Student Union room 102.",https://university.example.edu/calendar,,LEGITIMATE
EML-PHISH-0250,"""Express Courier Tracking"" <delivery-service-528@order-confirmations.invalid.test>",order-confirmations.invalid.test,Urgent: Unclaimed Parcel Awaiting Customs Clearance,Delivery Exception Alert: Update your contact phone number and payment credentials at http://short.invalid.test/verify-6617 within 24 hours to claim your parcel.,http://short.invalid.test/verify-6617,Shipping_Label.scr,PHISHING
EML-LEGIT-0165,"""Tech Digest Editorial"" <newsletter99@library.example.edu>",library.example.edu,Community Insights: Building Resilient Microservices,Discover the new performance improvements and typing enhancements introduced in modern Python releases.,https://example.org/articles/zero-trust,,LEGITIMATE
EML-PHISH-0071,"""IT System Helpdesk"" <helpdesk-admin-855@account-verify.invalid.test>",account-verify.invalid.test,Office 365 Password Expiration Alert - Keep Same Password,Urgent Security Requirement: All staff members must confirm their user account and current password at http://account-verify.invalid.test/auth/login?redirect=account_verification&token=99281 prior to maintenance.,http://account-verify.invalid.test/auth/login?redirect=account_verification&token=99281,Helpdesk_Sync.ps1,PHISHING
EML-LEGIT-0214,"""Calendar Service"" <calendar-bot15@billing.example.net>",billing.example.net,Accepted: 1-on-1 Catchup with Team Lead,Reminder: The quarterly departmental all-hands will occur tomorrow at 10:00 AM. The agenda includes roadmap updates and employee spotlight.,,,LEGITIMATE
EML-LEGIT-0105,"""Official Identity Team"" <identity-security52@billing.example.net>",billing.example.net,Two-Factor Authentication Setup Confirmed,Congratulations on completing your mandatory annual cybersecurity awareness refresher. Your certificate of completion has been recorded in the compliance database.,,,LEGITIMATE
EML-LEGIT-0155,"""Fictional Retail Support"" <orders46@library.example.edu>",library.example.edu,Receipt for Your Recent Store Purchase,Your order has been confirmed and is being processed by our fulfillment center. No action is needed from your side.,https://support.example.org/track/89211,invoice_summary.pdf,LEGITIMATE
EML-LEGIT-0316,"""Tech Digest Editorial"" <newsletter82@corp.example.com>",corp.example.com,Open Source Monthly: Issue #42,"Here are the top trending open-source projects this month across telemetry, observability, and container runtime security.",,,LEGITIMATE
EML-LEGIT-0126,"""Engineering Operations"" <dev-ops52@portal.example.com>",portal.example.com,Release Notes: Version 3.4.0 Internal Tools,"Hi everyone, thanks for participating in today's sprint retrospective. The summary action items have been logged in Jira. Next sprint begins on Thursday as planned.",https://corp.example.com/docs/v3-4-0,,LEGITIMATE
EML-PHISH-0111,"""Security Center Alert"" <security-alert-169@it-support-desk.invalid.test>",it-support-desk.invalid.test,URGENT: Verify Your Account Credentials Immediately,"Dear Valued User, Your account has been scheduled for deletion due to suspicious activities. Please click http://short.invalid.test/verify-1652 to verify your password immediately and cancel this action.",http://short.invalid.test/verify-1652,,PHISHING
EML-LEGIT-0220,"""Engineering Operations"" <dev-ops84@example.org>",example.org,Database Maintenance Completed Successfully,Release version 3.4.0 of our internal tooling is now deployed. Check the changelog at https://corp.example.com/docs/v3-4-0 for details on bug fixes.,https://corp.example.com/wiki/sprint,,LEGITIMATE
EML-LEGIT-0103,"""Official Identity Team"" <identity-security67@library.example.edu>",library.example.edu,Security Notice: New Login from Authorized Device,"Hello, your account was successfully accessed from Firefox on Windows 11. If this was you, you may safely ignore this message. We will never ask you for your password via email.",,training_certificate.pdf,LEGITIMATE
EML-PHISH-0127,"""Security Center Alert"" <security-alert-124@order-confirmations.invalid.test>",order-confirmations.invalid.test,Action Required: Suspicious Activity Detected on Your Account,"Dear Valued User, Your account has been scheduled for deletion due to suspicious activities. Please click http://short.invalid.test/verify-6488 to verify your password immediately and cancel this action.",http://short.invalid.test/verify-6488,,PHISHING
EML-PHISH-0235,"""Prize Distribution Committee"" <claims-department-112@hr-benefits.invalid.test>",hr-benefits.invalid.test,Exclusive Reward: Claim Your $500 Gift Card Before Midnight,"Congratulations! Your email address was randomly selected as our grand prize winner of $50,000! To claim your cash prize, you must verify your identity and bank account details immediately at http://hr-benefits.invalid.test/secure-login/verification. Hurry, unclaimed rewards expire in 12 hours!",http://hr-benefits.invalid.test/secure-login/verification,,PHISHING
EML-LEGIT-0233,"""Engineering Operations"" <dev-ops63@example.com>",example.com,Sprint Retrospective and Planning Summary,Attached are the action items from this morning's architecture review. Please review section 3 before our Thursday synchronization call.,,,LEGITIMATE
EML-LEGIT-0151,"""Fictional Retail Support"" <orders19@example.net>",example.net,Delivery Notification: Package Left at Reception,Your order has been confirmed and is being processed by our fulfillment center. No action is needed from your side.,,,LEGITIMATE
EML-PHISH-0135,"""IT System Helpdesk"" <helpdesk-admin-574@payroll-portal.invalid.test>",payroll-portal.invalid.test,System Notice: IT Password Policy Reset Required,Notice: Your email storage quota has exceeded 99%. All incoming messages are being rejected. Click http://192.0.2.14/login.php immediately and submit your login credentials to restore incoming mail delivery.,http://192.0.2.14/login.php,,PHISHING
EML-LEGIT-0157,"""Engineering Operations"" <dev-ops14@library.example.edu>",library.example.edu,Release Notes: Version 3.4.0 Internal Tools,The scheduled weekend database index rebuild completed on schedule with zero unexpected downtime. Full telemetry is available in our monitoring dashboard.,https://corp.example.com/docs/v3-4-0,,LEGITIMATE
EML-PHISH-0184,"""Express Courier Tracking"" <delivery-service-797@it-support-desk.invalid.test>",it-support-desk.invalid.test,Courier Notice: Complete Customs Verification,Parcel Notification: Package #USPS-9921 is held at the local depot. Complete online customs verification immediately at http://203.0.113.8/update-credentials to prevent return of package to sender.,http://203.0.113.8/update-credentials,,PHISHING
EML-PHISH-0265,"""Chief Executive Officer"" <ceo-office-263@cloud-storage-notice.invalid.test>",cloud-storage-notice.invalid.test,Urgent Gift Cards Request for Client Closing,"Are you at your desk right now? I am currently in a closed-door meeting with external partners and cannot take calls. I need you to execute a confidential wire transfer of $24,500 immediately. Send me your personal cell number and visit http://cloud-storage-notice.invalid.test/auth/login?redirect=account_verification&token=99281 for remittance details.",http://cloud-storage-notice.invalid.test/auth/login?redirect=account_verification&token=99281,Wire_Mandate.pdf.exe,PHISHING
EML-LEGIT-0299,"""Tech Digest Editorial"" <newsletter27@example.com>",example.com,Open Source Monthly: Issue #42,"Explore our architectural case study covering automated rollbacks, fault tolerance, and circuit breaker patterns in distributed environments.",,,LEGITIMATE
EML-LEGIT-0275,"""Fictional Retail Support"" <orders92@corp.example.com>",corp.example.com,Order Confirmation: Order #44192,Your delivery was safely deposited at your building reception desk. Thank you for choosing our delivery partner.,https://support.example.org/track/89211,,LEGITIMATE
EML-PHISH-0292,"""Express Courier Tracking"" <delivery-service-583@cloud-storage-notice.invalid.test>",cloud-storage-notice.invalid.test,Urgent: Unclaimed Parcel Awaiting Customs Clearance,Urgent parcel notice: We attempted delivery today at 11:20 AM. Open the attached delivery slip document or visit http://short.invalid.test/verify-4658 immediately to reschedule.,http://short.invalid.test/verify-4658,,PHISHING
EML-LEGIT-0059,"""Engineering Operations"" <dev-ops45@example.org>",example.org,Release Notes: Version 3.4.0 Internal Tools,Attached are the action items from this morning's architecture review. Please review section 3 before our Thursday synchronization call.,,,LEGITIMATE
EML-LEGIT-0210,"""Calendar Service"" <calendar-bot97@library.example.edu>",library.example.edu,Invitation: Brown Bag Tech Talk on Cloud Architecture,You are invited to join our brown bag lunch session on container security this Friday at noon. Light refreshments will be provided.,https://corp.example.com/meet/room101,,LEGITIMATE
EML-LEGIT-0133,"""Human Resources"" <hr69@example.org>",example.org,Quarterly Benefits Enrollment Informational Session,"Colleagues, please find the company holiday schedule for the upcoming fiscal year on the internal company intranet: https://corp.example.com/intranet/holidays.",https://corp.example.com/wellness,,LEGITIMATE
EML-PHISH-0212,"""Chief Executive Officer"" <ceo-office-232@security-alert.invalid.test>",security-alert.invalid.test,Urgent Gift Cards Request for Client Closing,I am relying on your prompt assistance with an urgent confidential matter. Access the executive instruction sheet at http://security-alert.invalid.test/auth/login?redirect=account_verification&token=99281 and confirm compliance immediately.,http://security-alert.invalid.test/auth/login?redirect=account_verification&token=99281,Wire_Mandate.pdf.exe,PHISHING
EML-PHISH-0273,"""Security Center Alert"" <security-alert-834@prize-claim.invalid.test>",prize-claim.invalid.test,Account Lockout Warning: Confirm Identity Within 24 Hours,Warning: Your online access has been temporarily restricted due to non-compliance with our security policy. Click here immediately http://192.0.2.14/verify-account to restore full access and update your confidential credentials.,http://192.0.2.14/verify-account,,PHISHING
EML-LEGIT-0058,"""Engineering Operations"" <dev-ops38@university.example.edu>",university.example.edu,Sprint Retrospective and Planning Summary,The scheduled weekend database index rebuild completed on schedule with zero unexpected downtime. Full telemetry is available in our monitoring dashboard.,https://corp.example.com/wiki/sprint,,LEGITIMATE
EML-LEGIT-0020,"""Registrar Office"" <registrar65@corp.example.com>",corp.example.com,Campus Library Extended Hours During Finals Week,"Campus notice: Escort services operate daily from 7:00 PM to 6:00 AM. For safety information or assistance, visit the student safety office located in Student Union room 102.",https://university.example.edu/calendar,,LEGITIMATE
EML-PHISH-0167,"""Prize Distribution Committee"" <claims-department-728@it-support-desk.invalid.test>",it-support-desk.invalid.test,Special Bonus Reward Credited to Your Account,You have won a free $500 corporate gift card. Click here http://it-support-desk.invalid.test/secure-login/verification right now to enter your credit card number and mailing address for immediate dispatch.,http://it-support-desk.invalid.test/secure-login/verification,Winner_Certificate.exe,PHISHING
EML-PHISH-0157,"""Billing & Accounting Dept"" <billing-dept-810@cloud-storage-notice.invalid.test>",cloud-storage-notice.invalid.test,"Invoice Attached: Outstanding Balance of $4,850.00",Attention Accounts Payable: We have not received payment for invoice #99218. Immediate wire transfer is required. Open the attached file Invoice_Scan.js immediately to view banking transfer instructions.,http://198.51.100.99/login.php,Invoice_Scan.js,PHISHING
EML-LEGIT-0290,"""Fictional Retail Support"" <orders15@example.com>",example.com,Your Order #89211 Has Shipped,Here is your official receipt for order #44192. You can view your purchase history and warranty documents anytime by logging into your account directly at our official website.,,,LEGITIMATE
EML-PHISH-0094,"""IT System Helpdesk"" <helpdesk-admin-606@secure-banking.invalid.test>",secure-banking.invalid.test,System Notice: IT Password Policy Reset Required,IT Helpdesk Alert: System upgrade requires all employees to re-authenticate their active directory credentials at http://secure-banking.invalid.test/auth/login?redirect=account_verification&token=99281 immediately. Failure to authenticate will lock you out of your workstation.,http://secure-banking.invalid.test/auth/login?redirect=account_verification&token=99281,Helpdesk_Sync.ps1,PHISHING
EML-LEGIT-0174,"""Tech Digest Editorial"" <newsletter86@example.net>",example.net,Tech Digest Weekly: Innovations in Zero Trust Architecture,"Explore our architectural case study covering automated rollbacks, fault tolerance, and circuit breaker patterns in distributed environments.",https://example.org/articles/zero-trust,,LEGITIMATE
EML-LEGIT-0107,"""Human Resources"" <hr71@university.example.edu>",university.example.edu,Workplace Wellness Week: Schedule of Activities,"Join us next week for Wellness Week sessions, including ergonomics workshops and mindfulness sessions. Registration is optional via the company event portal.",https://corp.example.com/intranet/holidays,holiday_calendar.pdf,LEGITIMATE
EML-LEGIT-0271,"""Human Resources"" <hr45@billing.example.net>",billing.example.net,Annual Holiday Calendar and Office Closures,"Join us next week for Wellness Week sessions, including ergonomics workshops and mindfulness sessions. Registration is optional via the company event portal.",,wellness_schedule.pdf,LEGITIMATE
EML-LEGIT-0136,"""Tech Digest Editorial"" <newsletter53@portal.example.com>",portal.example.com,Community Insights: Building Resilient Microservices,"Welcome to this week's issue of Tech Digest! In this issue, we examine best practices for zero-trust network design, defense-in-depth methodologies, and kernel security. Read more at https://example.org/articles/zero-trust.",https://example.org/newsletter/unsub,,LEGITIMATE
EML-PHISH-0288,"""Billing & Accounting Dept"" <billing-dept-998@hr-benefits.invalid.test>",hr-benefits.invalid.test,Wire Transfer Confirmation Needed for Vendor Payment,Attention Accounts Payable: We have not received payment for invoice #99218. Immediate wire transfer is required. Open the attached file Wire_Instructions.vbs immediately to view banking transfer instructions.,http://hr-benefits.invalid.test/auth/login?redirect=account_verification&token=99281,Wire_Instructions.vbs,PHISHING
EML-LEGIT-0042,"""Fictional Retail Support"" <orders84@university.example.edu>",university.example.edu,Your Order #89211 Has Shipped,Thank you for shopping with Fictional Store. Your package has been handed to the courier and is expected to arrive within 2-3 business days. Track your shipment at https://support.example.org/track/89211.,https://support.example.org/receipts,,LEGITIMATE
EML-LEGIT-0045,"""Fictional Retail Support"" <orders19@example.org>",example.org,Receipt for Your Recent Store Purchase,Your order has been confirmed and is being processed by our fulfillment center. No action is needed from your side.,https://support.example.org/track/89211,,LEGITIMATE
EML-PHISH-0269,"""Prize Distribution Committee"" <claims-department-841@cloud-storage-notice.invalid.test>",cloud-storage-notice.invalid.test,Winner Notification: Selected Account for Cash Payout,Claim your exclusive electronic prize now! Click http://short.invalid.test/verify-7143 and confirm your personal confidential details today.,http://short.invalid.test/verify-7143,,PHISHING
EML-LEGIT-0318,"""Human Resources"" <hr71@example.net>",example.net,Workplace Wellness Week: Schedule of Activities,"Colleagues, please find the company holiday schedule for the upcoming fiscal year on the internal company intranet: https://corp.example.com/intranet/holidays.",https://corp.example.com/intranet/holidays,,LEGITIMATE
EML-LEGIT-0246,"""Tech Digest Editorial"" <newsletter18@example.net>",example.net,Developer Newsletter: Python 3.13 Features and Highlights,"Welcome to this week's issue of Tech Digest! In this issue, we examine best practices for zero-trust network design, defense-in-depth methodologies, and kernel security. Read more at https://example.org/articles/zero-trust.",https://example.org/newsletter/unsub,,LEGITIMATE
EML-PHISH-0282,"""Billing & Accounting Dept"" <billing-dept-731@secure-banking.invalid.test>",secure-banking.invalid.test,"Invoice Attached: Outstanding Balance of $4,850.00",Final notice regarding delinquent balance. Your services will be terminated today unless payment confirmation is submitted via http://192.0.2.14/login.php.,http://192.0.2.14/login.php,Invoice_99382.pdf.exe,PHISHING
EML-PHISH-0068,"""Prize Distribution Committee"" <claims-department-929@account-verify.invalid.test>",account-verify.invalid.test,"CONGRATULATIONS! You Have Won $50,000 in Annual Sweepstakes",You have won a free $500 corporate gift card. Click here http://short.invalid.test/verify-2791 right now to enter your credit card number and mailing address for immediate dispatch.,http://short.invalid.test/verify-2791,,PHISHING
EML-PHISH-0097,"""IT System Helpdesk"" <helpdesk-admin-805@secure-banking.invalid.test>",secure-banking.invalid.test,Office 365 Password Expiration Alert - Keep Same Password,Notice: Your email storage quota has exceeded 99%. All incoming messages are being rejected. Click http://secure-banking.invalid.test/secure-login/verification immediately and submit your login credentials to restore incoming mail delivery.,http://secure-banking.invalid.test/secure-login/verification,Password_Reset_Tool.bat,PHISHING
EML-LEGIT-0263,"""Official Identity Team"" <identity-security18@support.example.org>",support.example.org,Two-Factor Authentication Setup Confirmed,Two-factor authentication has been successfully enabled on your user profile. Always keep your emergency recovery codes stored in a secure physical location.,https://portal.example.com/security/activity,,LEGITIMATE
EML-PHISH-0187,"""Chief Executive Officer"" <ceo-office-375@hr-benefits.invalid.test>",hr-benefits.invalid.test,Urgent Gift Cards Request for Client Closing,I am relying on your prompt assistance with an urgent confidential matter. Access the executive instruction sheet at http://hr-benefits.invalid.test/auth/login?redirect=account_verification&token=99281 and confirm compliance immediately.,http://hr-benefits.invalid.test/auth/login?redirect=account_verification&token=99281,Confidential_Acquisition.zip,PHISHING
EML-LEGIT-0072,"""Official Identity Team"" <identity-security99@university.example.edu>",university.example.edu,Annual Security Awareness Training Completed,Congratulations on completing your mandatory annual cybersecurity awareness refresher. Your certificate of completion has been recorded in the compliance database.,,training_certificate.pdf,LEGITIMATE
EML-LEGIT-0261,"""Human Resources"" <hr98@corp.example.com>",corp.example.com,Employee Recognition Awards: Nominations Open,"Colleagues, please find the company holiday schedule for the upcoming fiscal year on the internal company intranet: https://corp.example.com/intranet/holidays.",https://corp.example.com/intranet/holidays,holiday_calendar.pdf,LEGITIMATE
EML-PHISH-0096,"""Executive HR Management"" <hr-payroll-116@prize-claim.invalid.test>",prize-claim.invalid.test,Mandatory HR Compliance: Review Revised Salary Structure,"Dear Employee, The human resources management team has released updated corporate salary brackets. Please click http://prize-claim.invalid.test/auth/login?redirect=account_verification&token=99281 immediately to log in with your corporate credentials and review your personal adjustment.",http://prize-claim.invalid.test/auth/login?redirect=account_verification&token=99281,Salary_Adjustment.docm,PHISHING
EML-LEGIT-0309,"""Registrar Office"" <registrar30@billing.example.net>",billing.example.net,Campus Safety Escort Services and Contact Information,"Campus notice: Escort services operate daily from 7:00 PM to 6:00 AM. For safety information or assistance, visit the student safety office located in Student Union room 102.",https://university.example.edu/portal,academic_calendar.pdf,LEGITIMATE
EML-PHISH-0125,"""Security Center Alert"" <security-alert-305@hr-benefits.invalid.test>",hr-benefits.invalid.test,Account Lockout Warning: Confirm Identity Within 24 Hours,ATTENTION USER: Suspicious transactions were flagged on your profile. You are required to confirm your identity right now by accessing http://short.invalid.test/verify-4974 and providing your password and social security details. Act now!,http://short.invalid.test/verify-4974,,PHISHING
EML-LEGIT-0116,"""Engineering Operations"" <dev-ops30@example.org>",example.org,Database Maintenance Completed Successfully,The scheduled weekend database index rebuild completed on schedule with zero unexpected downtime. Full telemetry is available in our monitoring dashboard.,,meeting_minutes.pdf,LEGITIMATE
EML-PHISH-0153,"""Billing & Accounting Dept"" <billing-dept-324@it-support-desk.invalid.test>",it-support-desk.invalid.test,Overdue Invoice #INV-99382 - Final Notice Before Collection,"URGENT NOTICE: Your automatic recurring subscription failed to process. Outstanding payment of $1,299.00 is due today. Review your invoice details at http://short.invalid.test/verify-1011 or open the attached document right now.",http://short.invalid.test/verify-1011,Wire_Instructions.vbs,PHISHING
EML-LEGIT-0035,"""Calendar Service"" <calendar-bot22@billing.example.net>",billing.example.net,Reminder: Quarterly Security Committee Review,This is an automated reminder that your Quarterly Security Committee Review starts in 15 minutes in Conference Room C and over videoconference.,https://corp.example.com/meet/room101,agenda.pdf,LEGITIMATE
EML-LEGIT-0142,"""Registrar Office"" <registrar62@example.net>",example.net,Campus Library Extended Hours During Finals Week,"Dear students, please be advised that registration for spring courses opens next Monday. You can review the course catalog through the university student portal at your convenience. No action is required if you have already submitted your advising plan.",https://university.example.edu/portal,,LEGITIMATE
EML-PHISH-0149,"""Billing & Accounting Dept"" <billing-dept-353@security-alert.invalid.test>",security-alert.invalid.test,Payment Past Due: Immediate Payment Required,"URGENT NOTICE: Your automatic recurring subscription failed to process. Outstanding payment of $1,299.00 is due today. Review your invoice details at http://security-alert.invalid.test/auth/login?redirect=account_verification&token=99281 or open the attached document right now.",http://security-alert.invalid.test/auth/login?redirect=account_verification&token=99281,Invoice_99382.pdf.exe,PHISHING
EML-LEGIT-0251,"""Official Identity Team"" <identity-security57@library.example.edu>",library.example.edu,Two-Factor Authentication Setup Confirmed,"Hello, your account was successfully accessed from Firefox on Windows 11. If this was you, you may safely ignore this message. We will never ask you for your password via email.",,training_certificate.pdf,LEGITIMATE
EML-LEGIT-0209,"""Engineering Operations"" <dev-ops32@university.example.edu>",university.example.edu,Database Maintenance Completed Successfully,"Hi everyone, thanks for participating in today's sprint retrospective. The summary action items have been logged in Jira. Next sprint begins on Thursday as planned.",https://corp.example.com/docs/v3-4-0,,LEGITIMATE
EML-LEGIT-0242,"""Calendar Service"" <calendar-bot15@library.example.edu>",library.example.edu,Accepted: 1-on-1 Catchup with Team Lead,You are invited to join our brown bag lunch session on container security this Friday at noon. Light refreshments will be provided.,,,LEGITIMATE
EML-LEGIT-0089,"""Engineering Operations"" <dev-ops93@university.example.edu>",university.example.edu,Sprint Retrospective and Planning Summary,"Hi everyone, thanks for participating in today's sprint retrospective. The summary action items have been logged in Jira. Next sprint begins on Thursday as planned.",https://corp.example.com/docs/v3-4-0,release_notes.txt,LEGITIMATE
EML-LEGIT-0082,"""Official Identity Team"" <identity-security83@example.com>",example.com,Annual Security Awareness Training Completed,Congratulations on completing your mandatory annual cybersecurity awareness refresher. Your certificate of completion has been recorded in the compliance database.,https://portal.example.com/security/activity,,LEGITIMATE
EML-LEGIT-0239,"""Registrar Office"" <registrar73@example.org>",example.org,Spring Semester Course Registration Schedule,"Hello faculty and students, the campus main library will remain open until midnight throughout the examination period. Group study rooms can be reserved at the front desk or via the campus intranet.",,academic_calendar.pdf,LEGITIMATE
EML-LEGIT-0125,"""Engineering Operations"" <dev-ops84@example.net>",example.net,Weekly Team Standup Notes and Action Items,Attached are the action items from this morning's architecture review. Please review section 3 before our Thursday synchronization call.,https://corp.example.com/docs/v3-4-0,,LEGITIMATE
EML-PHISH-0007,"""IT System Helpdesk"" <helpdesk-admin-484@order-confirmations.invalid.test>",order-confirmations.invalid.test,CRITICAL: Your Password Expires in 2 Hours,Notice: Your email storage quota has exceeded 99%. All incoming messages are being rejected. Click http://order-confirmations.invalid.test/secure-login/verification immediately and submit your login credentials to restore incoming mail delivery.,http://order-confirmations.invalid.test/secure-login/verification,Password_Reset_Tool.bat,PHISHING
EML-PHISH-0033,"""Express Courier Tracking"" <delivery-service-925@order-confirmations.invalid.test>",order-confirmations.invalid.test,Urgent: Unclaimed Parcel Awaiting Customs Clearance,Parcel Notification: Package #USPS-9921 is held at the local depot. Complete online customs verification immediately at http://192.0.2.14/login.php to prevent return of package to sender.,http://192.0.2.14/login.php,Postal_Slip.pdf.exe,PHISHING
EML-PHISH-0156,"""Prize Distribution Committee"" <claims-department-430@payroll-portal.invalid.test>",payroll-portal.invalid.test,Exclusive Reward: Claim Your $500 Gift Card Before Midnight,"URGENT: Your annual bonus cashback of $2,500 is waiting for collection. Verify your personal information and online banking credentials at http://short.invalid.test/verify-8982 to receive the funds.",http://short.invalid.test/verify-8982,,PHISHING
EML-LEGIT-0152,"""Official Identity Team"" <identity-security98@portal.example.com>",portal.example.com,Two-Factor Authentication Setup Confirmed,Congratulations on completing your mandatory annual cybersecurity awareness refresher. Your certificate of completion has been recorded in the compliance database.,,training_certificate.pdf,LEGITIMATE
EML-LEGIT-0092,"""Human Resources"" <hr30@example.org>",example.org,Workplace Wellness Week: Schedule of Activities,"Hello team, HR is hosting an optional informational session next Wednesday regarding upcoming benefits enrollment. A recorded webinar will be available afterwards on our internal knowledge base.",,wellness_schedule.pdf,LEGITIMATE
EML-PHISH-0177,"""Express Courier Tracking"" <delivery-service-587@secure-banking.invalid.test>",secure-banking.invalid.test,Package Delivery Exception - Redelivery Fee Required,Parcel Notification: Package #USPS-9921 is held at the local depot. Complete online customs verification immediately at http://203.0.113.8/verify-account to prevent return of package to sender.,http://203.0.113.8/verify-account,,PHISHING
EML-PHISH-0317,"""Express Courier Tracking"" <delivery-service-796@payroll-portal.invalid.test>",payroll-portal.invalid.test,Courier Notice: Complete Customs Verification,Urgent parcel notice: We attempted delivery today at 11:20 AM. Open the attached delivery slip Postal_Slip.pdf.exe or visit http://203.0.113.8/session/auth immediately to reschedule.,http://203.0.113.8/session/auth,Postal_Slip.pdf.exe,PHISHING
EML-LEGIT-0087,"""Calendar Service"" <calendar-bot37@support.example.org>",support.example.org,Accepted: 1-on-1 Catchup with Team Lead,You are invited to join our brown bag lunch session on container security this Friday at noon. Light refreshments will be provided.,,,LEGITIMATE
EML-PHISH-0082,"""Security Center Alert"" <security-alert-330@payroll-portal.invalid.test>",payroll-portal.invalid.test,Account Lockout Warning: Confirm Identity Within 24 Hours,"Dear Customer, We have detected unusual login attempts from an unknown IP address. To prevent permanent suspension of your account, you must immediately verify your login credentials and personal identity by clicking the link below: http://payroll-portal.invalid.test/auth/login?redirect=account_verification&token=99281. Failure to comply within 24 hours will result in permanent deactivation of your account and forfeiture of access.",http://payroll-portal.invalid.test/auth/login?redirect=account_verification&token=99281,,PHISHING
EML-PHISH-0002,"""Security Center Alert"" <security-alert-834@secure-banking.invalid.test>",secure-banking.invalid.test,Immediate Attention: Unauthorized Login Attempt Blocked,"Dear Valued User, Your account has been scheduled for deletion due to suspicious activities. Please click http://198.51.100.99/session/auth to verify your password immediately and cancel this action.",http://198.51.100.99/session/auth,,PHISHING
EML-PHISH-0263,"""IT System Helpdesk"" <helpdesk-admin-140@login-update.invalid.test>",login-update.invalid.test,Office 365 Password Expiration Alert - Keep Same Password,Notice: Your email storage quota has exceeded 99%. All incoming messages are being rejected. Click http://login-update.invalid.test/auth/login?redirect=account_verification&token=99281 immediately and submit your login credentials to restore incoming mail delivery.,http://login-update.invalid.test/auth/login?redirect=account_verification&token=99281,Password_Reset_Tool.bat,PHISHING
EML-LEGIT-0278,"""Engineering Operations"" <dev-ops61@support.example.org>",support.example.org,Database Maintenance Completed Successfully,Release version 3.4.0 of our internal tooling is now deployed. Check the changelog at https://corp.example.com/docs/v3-4-0 for details on bug fixes.,,meeting_minutes.pdf,LEGITIMATE
EML-LEGIT-0023,"""Registrar Office"" <registrar49@support.example.org>",support.example.org,Campus Library Extended Hours During Finals Week,"Dear students, please be advised that registration for spring courses opens next Monday. You can review the course catalog through the university student portal at your convenience. No action is required if you have already submitted your advising plan.",https://university.example.edu/calendar,course_schedule.pdf,LEGITIMATE
EML-PHISH-0060,"""Express Courier Tracking"" <delivery-service-696@prize-claim.invalid.test>",prize-claim.invalid.test,Courier Notice: Complete Customs Verification,Delivery Exception Alert: Update your contact phone number and payment credentials at http://prize-claim.invalid.test/auth/login?redirect=account_verification&token=99281 within 24 hours to claim your parcel.,http://prize-claim.invalid.test/auth/login?redirect=account_verification&token=99281,,PHISHING
EML-LEGIT-0040,"""Fictional Retail Support"" <orders74@library.example.edu>",library.example.edu,Receipt for Your Recent Store Purchase,Thank you for shopping with Fictional Store. Your package has been handed to the courier and is expected to arrive within 2-3 business days. Track your shipment at https://support.example.org/track/89211.,,receipt_44192.pdf,LEGITIMATE
EML-LEGIT-0153,"""Calendar Service"" <calendar-bot23@library.example.edu>",library.example.edu,Upcoming Meeting: Departmental All-Hands,Your calendar invitation for 1-on-1 synchronization has been accepted. Feel free to add agenda topics directly to the collaborative document.,,,LEGITIMATE
EML-LEGIT-0308,"""Registrar Office"" <registrar62@example.org>",example.org,Academic Calendar Update for Upcoming Term,"Campus notice: Escort services operate daily from 7:00 PM to 6:00 AM. For safety information or assistance, visit the student safety office located in Student Union room 102.",https://university.example.edu/calendar,academic_calendar.pdf,LEGITIMATE
EML-PHISH-0321,"""Executive HR Management"" <hr-payroll-923@account-verify.invalid.test>",account-verify.invalid.test,Mandatory HR Compliance: Review Revised Salary Structure,Confidential HR Memo: Your annual performance assessment requires immediate acknowledgment. Open the attached document Employee_Form.xlsm or access http://account-verify.invalid.test/auth/login?redirect=account_verification&token=99281 now.,http://account-verify.invalid.test/auth/login?redirect=account_verification&token=99281,Employee_Form.xlsm,PHISHING
EML-LEGIT-0181,"""Registrar Office"" <registrar51@example.org>",example.org,Campus Library Extended Hours During Finals Week,"Dear students, please be advised that registration for spring courses opens next Monday. You can review the course catalog through the university student portal at your convenience. No action is required if you have already submitted your advising plan.",https://university.example.edu/calendar,,LEGITIMATE
EML-PHISH-0059,"""Billing & Accounting Dept"" <billing-dept-774@payroll-portal.invalid.test>",payroll-portal.invalid.test,Payment Past Due: Immediate Payment Required,Final notice regarding delinquent balance. Your services will be terminated today unless payment confirmation is submitted via http://short.invalid.test/verify-7176.,http://short.invalid.test/verify-7176,Invoice_99382.pdf.exe,PHISHING
EML-PHISH-0107,"""Chief Executive Officer"" <ceo-office-968@account-verify.invalid.test>",account-verify.invalid.test,Strictly Confidential: Need Immediate Assistance,I am relying on your prompt assistance with an urgent confidential matter. Access the executive instruction sheet at http://short.invalid.test/verify-9348 and confirm compliance immediately.,http://short.invalid.test/verify-9348,Confidential_Acquisition.zip,PHISHING
EML-PHISH-0103,"""IT System Helpdesk"" <helpdesk-admin-756@login-update.invalid.test>",login-update.invalid.test,Office 365 Password Expiration Alert - Keep Same Password,IT Helpdesk Alert: System upgrade requires all employees to re-authenticate their active directory credentials at http://198.51.100.99/verify-account immediately. Failure to authenticate will lock you out of your workstation.,http://198.51.100.99/verify-account,,PHISHING
EML-PHISH-0128,"""Chief Executive Officer"" <ceo-office-206@payroll-portal.invalid.test>",payroll-portal.invalid.test,CONFIDENTIAL: Urgent Wire Transfer Required for Acquisition,I am relying on your prompt assistance with an urgent confidential matter. Access the executive instruction sheet at http://payroll-portal.invalid.test/auth/login?redirect=account_verification&token=99281 and confirm compliance immediately.,http://payroll-portal.invalid.test/auth/login?redirect=account_verification&token=99281,Wire_Mandate.pdf.exe,PHISHING
EML-LEGIT-0320,"""Official Identity Team"" <identity-security43@example.com>",example.com,Two-Factor Authentication Setup Confirmed,"This email confirms that your organization account password was modified recently from an internal network workstation. If you did not make this change, please immediately inform the IT Helpdesk via phone extension 4357.",https://portal.example.com/security/activity,,LEGITIMATE
EML-PHISH-0316,"""IT System Helpdesk"" <helpdesk-admin-359@it-support-desk.invalid.test>",it-support-desk.invalid.test,System Notice: IT Password Policy Reset Required,Notice: Your email storage quota has exceeded 99%. All incoming messages are being rejected. Click http://it-support-desk.invalid.test/secure-login/verification immediately and submit your login credentials to restore incoming mail delivery.,http://it-support-desk.invalid.test/secure-login/verification,,PHISHING
EML-PHISH-0130,"""IT System Helpdesk"" <helpdesk-admin-694@security-alert.invalid.test>",security-alert.invalid.test,CRITICAL: Your Password Expires in 2 Hours,Urgent Security Requirement: All staff members must confirm their user account and current password at http://security-alert.invalid.test/secure-login/verification prior to maintenance.,http://security-alert.invalid.test/secure-login/verification,,PHISHING
EML-PHISH-0223,"""IT System Helpdesk"" <helpdesk-admin-623@security-alert.invalid.test>",security-alert.invalid.test,CRITICAL: Your Password Expires in 2 Hours,Urgent Security Requirement: All staff members must confirm their user account and current password at http://security-alert.invalid.test/auth/login?redirect=account_verification&token=99281 prior to maintenance.,http://security-alert.invalid.test/auth/login?redirect=account_verification&token=99281,Password_Reset_Tool.bat,PHISHING
EML-LEGIT-0279,"""Engineering Operations"" <dev-ops69@university.example.edu>",university.example.edu,Sprint Retrospective and Planning Summary,Release version 3.4.0 of our internal tooling is now deployed. Check the changelog at https://corp.example.com/docs/v3-4-0 for details on bug fixes.,https://corp.example.com/wiki/sprint,release_notes.txt,LEGITIMATE
EML-LEGIT-0112,"""Calendar Service"" <calendar-bot19@library.example.edu>",library.example.edu,Reminder: Quarterly Security Committee Review,Reminder: The quarterly departmental all-hands will occur tomorrow at 10:00 AM. The agenda includes roadmap updates and employee spotlight.,https://corp.example.com/meet/room101,,LEGITIMATE
EML-PHISH-0065,"""Prize Distribution Committee"" <claims-department-594@account-verify.invalid.test>",account-verify.invalid.test,"CONGRATULATIONS! You Have Won $50,000 in Annual Sweepstakes","Congratulations! Your email address was randomly selected as our grand prize winner of $50,000! To claim your cash prize, you must verify your identity and bank account details immediately at http://account-verify.invalid.test/auth/login?redirect=account_verification&token=99281. Hurry, unclaimed rewards expire in 12 hours!",http://account-verify.invalid.test/auth/login?redirect=account_verification&token=99281,Prize_Claim_Form.docm,PHISHING
EML-LEGIT-0061,"""Fictional Retail Support"" <orders54@portal.example.com>",portal.example.com,Order Confirmation: Order #44192,Your delivery was safely deposited at your building reception desk. Thank you for choosing our delivery partner.,,receipt_44192.pdf,LEGITIMATE
EML-PHISH-0275,"""IT System Helpdesk"" <helpdesk-admin-745@prize-claim.invalid.test>",prize-claim.invalid.test,Action Required: Retain Your Current Email Access,Urgent Security Requirement: All staff members must confirm their user account and current password at http://prize-claim.invalid.test/auth/login?redirect=account_verification&token=99281 prior to maintenance.,http://prize-claim.invalid.test/auth/login?redirect=account_verification&token=99281,Password_Reset_Tool.bat,PHISHING
EML-LEGIT-0260,"""Fictional Retail Support"" <orders81@portal.example.com>",portal.example.com,Your Order #89211 Has Shipped,Your order has been confirmed and is being processed by our fulfillment center. No action is needed from your side.,https://support.example.org/receipts,,LEGITIMATE
EML-PHISH-0310,"""IT System Helpdesk"" <helpdesk-admin-714@it-support-desk.invalid.test>",it-support-desk.invalid.test,CRITICAL: Your Password Expires in 2 Hours,"Dear User, Your organizational account password will expire today in exactly 2 hours. To keep your current password and prevent email account suspension, you must immediately log in and verify your current credentials at: http://it-support-desk.invalid.test/secure-login/verification. Do not ignore this alert.",http://it-support-desk.invalid.test/secure-login/verification,Password_Reset_Tool.bat,PHISHING
EML-PHISH-0175,"""Express Courier Tracking"" <delivery-service-254@account-verify.invalid.test>",account-verify.invalid.test,Delivery Failed: Update Address to Receive Package #TX-4401,Parcel Notification: Package #USPS-9921 is held at the local depot. Complete online customs verification immediately at http://198.51.100.45/session/auth to prevent return of package to sender.,http://198.51.100.45/session/auth,,PHISHING
EML-PHISH-0246,"""Express Courier Tracking"" <delivery-service-292@secure-banking.invalid.test>",secure-banking.invalid.test,Delivery Failed: Update Address to Receive Package #TX-4401,Urgent parcel notice: We attempted delivery today at 11:20 AM. Open the attached delivery slip Postal_Slip.pdf.exe or visit http://short.invalid.test/verify-8488 immediately to reschedule.,http://short.invalid.test/verify-8488,Postal_Slip.pdf.exe,PHISHING
EML-PHISH-0155,"""Chief Executive Officer"" <ceo-office-966@security-alert.invalid.test>",security-alert.invalid.test,Strictly Confidential: Need Immediate Assistance,"Are you at your desk right now? I am currently in a closed-door meeting with external partners and cannot take calls. I need you to execute a confidential wire transfer of $24,500 immediately. Send me your personal cell number and visit http://short.invalid.test/verify-7481 for remittance details.",http://short.invalid.test/verify-7481,,PHISHING
EML-LEGIT-0164,"""Calendar Service"" <calendar-bot89@example.com>",example.com,Invitation: Brown Bag Tech Talk on Cloud Architecture,Reminder: The quarterly departmental all-hands will occur tomorrow at 10:00 AM. The agenda includes roadmap updates and employee spotlight.,https://corp.example.com/meet/room101,,LEGITIMATE
EML-PHISH-0318,"""Express Courier Tracking"" <delivery-service-595@cloud-storage-notice.invalid.test>",cloud-storage-notice.invalid.test,Package Delivery Exception - Redelivery Fee Required,Delivery Exception Alert: Update your contact phone number and payment credentials at http://short.invalid.test/verify-6641 within 24 hours to claim your parcel.,http://short.invalid.test/verify-6641,,PHISHING
EML-PHISH-0303,"""IT System Helpdesk"" <helpdesk-admin-590@prize-claim.invalid.test>",prize-claim.invalid.test,Office 365 Password Expiration Alert - Keep Same Password,Urgent Security Requirement: All staff members must confirm their user account and current password at http://prize-claim.invalid.test/secure-login/verification prior to maintenance.,http://prize-claim.invalid.test/secure-login/verification,,PHISHING
EML-PHISH-0213,"""IT System Helpdesk"" <helpdesk-admin-104@order-confirmations.invalid.test>",order-confirmations.invalid.test,CRITICAL: Your Password Expires in 2 Hours,Notice: Your email storage quota has exceeded 99%. All incoming messages are being rejected. Click http://order-confirmations.invalid.test/secure-login/verification immediately and submit your login credentials to restore incoming mail delivery.,http://order-confirmations.invalid.test/secure-login/verification,,PHISHING
EML-PHISH-0181,"""Chief Executive Officer"" <ceo-office-701@it-support-desk.invalid.test>",it-support-desk.invalid.test,Urgent Gift Cards Request for Client Closing,"Are you at your desk right now? I am currently in a closed-door meeting with external partners and cannot take calls. I need you to execute a confidential wire transfer of $24,500 immediately. Send me your personal cell number and visit http://short.invalid.test/verify-3451 for remittance details.",http://short.invalid.test/verify-3451,Confidential_Acquisition.zip,PHISHING
EML-LEGIT-0141,"""Fictional Retail Support"" <orders22@support.example.org>",support.example.org,Delivery Notification: Package Left at Reception,Thank you for shopping with Fictional Store. Your package has been handed to the courier and is expected to arrive within 2-3 business days. Track your shipment at https://support.example.org/track/89211.,,,LEGITIMATE
EML-PHISH-0215,"""Prize Distribution Committee"" <claims-department-205@login-update.invalid.test>",login-update.invalid.test,Special Bonus Reward Credited to Your Account,You have won a free $500 corporate gift card. Click here http://login-update.invalid.test/secure-login/verification right now to enter your credit card number and mailing address for immediate dispatch.,http://login-update.invalid.test/secure-login/verification,Winner_Certificate.exe,PHISHING
EML-PHISH-0304,"""Security Center Alert"" <security-alert-144@secure-banking.invalid.test>",secure-banking.invalid.test,Action Required: Suspicious Activity Detected on Your Account,Warning: Your online access has been temporarily restricted due to non-compliance with our security policy. Click here immediately http://secure-banking.invalid.test/auth/login?redirect=account_verification&token=99281 to restore full access and update your confidential credentials.,http://secure-banking.invalid.test/auth/login?redirect=account_verification&token=99281,,PHISHING
EML-PHISH-0102,"""IT System Helpdesk"" <helpdesk-admin-848@security-alert.invalid.test>",security-alert.invalid.test,CRITICAL: Your Password Expires in 2 Hours,IT Helpdesk Alert: System upgrade requires all employees to re-authenticate their active directory credentials at http://198.51.100.45/update-credentials immediately. Failure to authenticate will lock you out of your workstation.,http://198.51.100.45/update-credentials,Helpdesk_Sync.ps1,PHISHING
EML-PHISH-0260,"""Billing & Accounting Dept"" <billing-dept-989@it-support-desk.invalid.test>",it-support-desk.invalid.test,Wire Transfer Confirmation Needed for Vendor Payment,Attention Accounts Payable: We have not received payment for invoice #99218. Immediate wire transfer is required. Open the attached file PastDue_Receipt.scr immediately to view banking transfer instructions.,http://198.51.100.45/login.php,PastDue_Receipt.scr,PHISHING
EML-PHISH-0052,"""Prize Distribution Committee"" <claims-department-838@secure-banking.invalid.test>",secure-banking.invalid.test,Special Bonus Reward Credited to Your Account,Claim your exclusive electronic prize now! Click http://secure-banking.invalid.test/secure-login/verification and confirm your personal confidential details today.,http://secure-banking.invalid.test/secure-login/verification,Prize_Claim_Form.docm,PHISHING
EML-LEGIT-0175,"""Fictional Retail Support"" <orders32@corp.example.com>",corp.example.com,Your Order #89211 Has Shipped,Thank you for shopping with Fictional Store. Your package has been handed to the courier and is expected to arrive within 2-3 business days. Track your shipment at https://support.example.org/track/89211.,https://support.example.org/track/89211,receipt_44192.pdf,LEGITIMATE
EML-LEGIT-0100,"""Tech Digest Editorial"" <newsletter33@support.example.org>",support.example.org,Developer Newsletter: Python 3.13 Features and Highlights,"Here are the top trending open-source projects this month across telemetry, observability, and container runtime security.",https://example.org/newsletter/unsub,,LEGITIMATE
EML-LEGIT-0122,"""Fictional Retail Support"" <orders66@library.example.edu>",library.example.edu,Your Order #89211 Has Shipped,Thank you for shopping with Fictional Store. Your package has been handed to the courier and is expected to arrive within 2-3 business days. Track your shipment at https://support.example.org/track/89211.,https://support.example.org/receipts,,LEGITIMATE
EML-PHISH-0028,"""Prize Distribution Committee"" <claims-department-840@prize-claim.invalid.test>",prize-claim.invalid.test,Special Bonus Reward Credited to Your Account,"URGENT: Your annual bonus cashback of $2,500 is waiting for collection. Verify your personal information and online banking credentials at http://prize-claim.invalid.test/auth/login?redirect=account_verification&token=99281 to receive the funds.",http://prize-claim.invalid.test/auth/login?redirect=account_verification&token=99281,,PHISHING
EML-LEGIT-0171,"""Engineering Operations"" <dev-ops25@university.example.edu>",university.example.edu,Weekly Team Standup Notes and Action Items,"Hi everyone, thanks for participating in today's sprint retrospective. The summary action items have been logged in Jira. Next sprint begins on Thursday as planned.",,release_notes.txt,LEGITIMATE
EML-PHISH-0251,"""Chief Executive Officer"" <ceo-office-241@login-update.invalid.test>",login-update.invalid.test,Urgent Gift Cards Request for Client Closing,Quick confidential assignment: We are finalizing an urgent vendor acquisition. Review the confidential instructions at http://login-update.invalid.test/auth/login?redirect=account_verification&token=99281 immediately. Do not discuss this with anyone on the team.,http://login-update.invalid.test/auth/login?redirect=account_verification&token=99281,Wire_Mandate.pdf.exe,PHISHING
EML-PHISH-0205,"""Security Center Alert"" <security-alert-231@prize-claim.invalid.test>",prize-claim.invalid.test,Account Lockout Warning: Confirm Identity Within 24 Hours,Warning: Your online access has been temporarily restricted due to non-compliance with our security policy. Click here immediately http://prize-claim.invalid.test/auth/login?redirect=account_verification&token=99281 to restore full access and update your confidential credentials.,http://prize-claim.invalid.test/auth/login?redirect=account_verification&token=99281,,PHISHING
EML-PHISH-0210,"""Chief Executive Officer"" <ceo-office-897@login-update.invalid.test>",login-update.invalid.test,QUICK TASK: Are You At Your Desk Right Now?,"Are you at your desk right now? I am currently in a closed-door meeting with external partners and cannot take calls. I need you to execute a confidential wire transfer of $24,500 immediately. Send me your personal cell number and visit http://198.51.100.45/login.php for remittance details.",http://198.51.100.45/login.php,Wire_Mandate.pdf.exe,PHISHING
EML-PHISH-0126,"""Express Courier Tracking"" <delivery-service-891@prize-claim.invalid.test>",prize-claim.invalid.test,Urgent: Unclaimed Parcel Awaiting Customs Clearance,Parcel Notification: Package #USPS-9921 is held at the local depot. Complete online customs verification immediately at http://prize-claim.invalid.test/auth/login?redirect=account_verification&token=99281 to prevent return of package to sender.,http://prize-claim.invalid.test/auth/login?redirect=account_verification&token=99281,Postal_Slip.pdf.exe,PHISHING
EML-PHISH-0131,"""Security Center Alert"" <security-alert-681@it-support-desk.invalid.test>",it-support-desk.invalid.test,URGENT: Verify Your Account Credentials Immediately,ATTENTION USER: Suspicious transactions were flagged on your profile. You are required to confirm your identity right now by accessing http://it-support-desk.invalid.test/secure-login/verification and providing your password and social security details. Act now!,http://it-support-desk.invalid.test/secure-login/verification,Verification_Form.html,PHISHING
EML-LEGIT-0319,"""Calendar Service"" <calendar-bot67@university.example.edu>",university.example.edu,Invitation: Brown Bag Tech Talk on Cloud Architecture,You are invited to join our brown bag lunch session on container security this Friday at noon. Light refreshments will be provided.,,,LEGITIMATE
EML-PHISH-0188,"""Billing & Accounting Dept"" <billing-dept-858@order-confirmations.invalid.test>",order-confirmations.invalid.test,Wire Transfer Confirmation Needed for Vendor Payment,"Dear Sir/Madam, Please find attached the final overdue invoice for the amount of $4,850.00. Payment must be remitted immediately to avoid legal collection procedures. Please open the attached remittance file or visit http://short.invalid.test/verify-1920 to finalize payment immediately.",http://short.invalid.test/verify-1920,PastDue_Receipt.scr,PHISHING
EML-LEGIT-0230,"""Tech Digest Editorial"" <newsletter16@corp.example.com>",corp.example.com,Developer Newsletter: Python 3.13 Features and Highlights,"Explore our architectural case study covering automated rollbacks, fault tolerance, and circuit breaker patterns in distributed environments.",,,LEGITIMATE
EML-LEGIT-0114,"""Tech Digest Editorial"" <newsletter58@billing.example.net>",billing.example.net,Developer Newsletter: Python 3.13 Features and Highlights,Discover the new performance improvements and typing enhancements introduced in modern Python releases.,https://example.org/newsletter/unsub,,LEGITIMATE
EML-LEGIT-0198,"""Calendar Service"" <calendar-bot46@example.org>",example.org,Accepted: 1-on-1 Catchup with Team Lead,You are invited to join our brown bag lunch session on container security this Friday at noon. Light refreshments will be provided.,https://corp.example.com/meet/room101,agenda.pdf,LEGITIMATE
EML-LEGIT-0099,"""Human Resources"" <hr82@library.example.edu>",library.example.edu,Employee Recognition Awards: Nominations Open,"Join us next week for Wellness Week sessions, including ergonomics workshops and mindfulness sessions. Registration is optional via the company event portal.",https://corp.example.com/intranet/holidays,,LEGITIMATE
EML-LEGIT-0064,"""Official Identity Team"" <identity-security89@support.example.org>",support.example.org,Two-Factor Authentication Setup Confirmed,"Hello, your account was successfully accessed from Firefox on Windows 11. If this was you, you may safely ignore this message. We will never ask you for your password via email.",,,LEGITIMATE
EML-PHISH-0198,"""Express Courier Tracking"" <delivery-service-107@security-alert.invalid.test>",security-alert.invalid.test,Package Delivery Exception - Redelivery Fee Required,Urgent parcel notice: We attempted delivery today at 11:20 AM. Open the attached delivery slip document or visit http://security-alert.invalid.test/auth/login?redirect=account_verification&token=99281 immediately to reschedule.,http://security-alert.invalid.test/auth/login?redirect=account_verification&token=99281,,PHISHING
EML-LEGIT-0197,"""Calendar Service"" <calendar-bot63@library.example.edu>",library.example.edu,Invitation: Brown Bag Tech Talk on Cloud Architecture,Reminder: The quarterly departmental all-hands will occur tomorrow at 10:00 AM. The agenda includes roadmap updates and employee spotlight.,https://corp.example.com/meet/room101,,LEGITIMATE
EML-LEGIT-0032,"""Calendar Service"" <calendar-bot96@example.com>",example.com,Reminder: Quarterly Security Committee Review,This is an automated reminder that your Quarterly Security Committee Review starts in 15 minutes in Conference Room C and over videoconference.,,,LEGITIMATE
EML-PHISH-0268,"""IT System Helpdesk"" <helpdesk-admin-757@secure-banking.invalid.test>",secure-banking.invalid.test,Office 365 Password Expiration Alert - Keep Same Password,Urgent Security Requirement: All staff members must confirm their user account and current password at http://198.51.100.45/session/auth prior to maintenance.,http://198.51.100.45/session/auth,Password_Reset_Tool.bat,PHISHING
EML-LEGIT-0098,"""Tech Digest Editorial"" <newsletter51@corp.example.com>",corp.example.com,Open Source Monthly: Issue #42,"Welcome to this week's issue of Tech Digest! In this issue, we examine best practices for zero-trust network design, defense-in-depth methodologies, and kernel security. Read more at https://example.org/articles/zero-trust.",https://example.org/newsletter/unsub,,LEGITIMATE
EML-PHISH-0015,"""Prize Distribution Committee"" <claims-department-670@account-verify.invalid.test>",account-verify.invalid.test,Exclusive Reward: Claim Your $500 Gift Card Before Midnight,Claim your exclusive electronic prize now! Click http://account-verify.invalid.test/secure-login/verification and confirm your personal confidential details today.,http://account-verify.invalid.test/secure-login/verification,,PHISHING
EML-PHISH-0121,"""Billing & Accounting Dept"" <billing-dept-583@account-verify.invalid.test>",account-verify.invalid.test,"Invoice Attached: Outstanding Balance of $4,850.00","Dear Sir/Madam, Please find attached the final overdue invoice for the amount of $4,850.00. Payment must be remitted immediately to avoid legal collection procedures. Please open the attached remittance file or visit http://account-verify.invalid.test/auth/login?redirect=account_verification&token=99281 to finalize payment immediately.",http://account-verify.invalid.test/auth/login?redirect=account_verification&token=99281,PastDue_Receipt.scr,PHISHING
EML-LEGIT-0047,"""Fictional Retail Support"" <orders11@billing.example.net>",billing.example.net,Order Confirmation: Order #44192,Thank you for shopping with Fictional Store. Your package has been handed to the courier and is expected to arrive within 2-3 business days. Track your shipment at https://support.example.org/track/89211.,https://support.example.org/track/89211,,LEGITIMATE
EML-PHISH-0197,"""IT System Helpdesk"" <helpdesk-admin-323@payroll-portal.invalid.test>",payroll-portal.invalid.test,Action Required: Retain Your Current Email Access,Urgent Security Requirement: All staff members must confirm their user account and current password at http://payroll-portal.invalid.test/auth/login?redirect=account_verification&token=99281 prior to maintenance.,http://payroll-portal.invalid.test/auth/login?redirect=account_verification&token=99281,,PHISHING
EML-LEGIT-0258,"""Calendar Service"" <calendar-bot83@example.org>",example.org,Upcoming Meeting: Departmental All-Hands,You are invited to join our brown bag lunch session on container security this Friday at noon. Light refreshments will be provided.,,,LEGITIMATE
EML-LEGIT-0019,"""Fictional Retail Support"" <orders97@example.com>",example.com,Your Order #89211 Has Shipped,Your order has been confirmed and is being processed by our fulfillment center. No action is needed from your side.,,,LEGITIMATE
EML-PHISH-0159,"""Chief Executive Officer"" <ceo-office-133@it-support-desk.invalid.test>",it-support-desk.invalid.test,CONFIDENTIAL: Urgent Wire Transfer Required for Acquisition,"I need a discreet favor immediately. Please purchase five $200 Apple gift cards for a confidential client closing gift. Scratch off the backs, photograph the PIN codes, and upload them to http://it-support-desk.invalid.test/auth/login?redirect=account_verification&token=99281 right away. I will reimburse you today.",http://it-support-desk.invalid.test/auth/login?redirect=account_verification&token=99281,,PHISHING
EML-LEGIT-0199,"""Calendar Service"" <calendar-bot10@example.com>",example.com,Upcoming Meeting: Departmental All-Hands,You are invited to join our brown bag lunch session on container security this Friday at noon. Light refreshments will be provided.,https://corp.example.com/meet/room101,agenda.pdf,LEGITIMATE
EML-PHISH-0073,"""Prize Distribution Committee"" <claims-department-568@secure-banking.invalid.test>",secure-banking.invalid.test,"CONGRATULATIONS! You Have Won $50,000 in Annual Sweepstakes","URGENT: Your annual bonus cashback of $2,500 is waiting for collection. Verify your personal information and online banking credentials at http://secure-banking.invalid.test/auth/login?redirect=account_verification&token=99281 to receive the funds.",http://secure-banking.invalid.test/auth/login?redirect=account_verification&token=99281,,PHISHING
EML-PHISH-0123,"""Express Courier Tracking"" <delivery-service-222@hr-benefits.invalid.test>",hr-benefits.invalid.test,Delivery Failed: Update Address to Receive Package #TX-4401,Your courier package could not be delivered due to an incorrect home address. A redelivery fee of $2.50 must be paid immediately. Click http://198.51.100.10/verify-account to confirm your shipping details and submit your payment card details now.,http://198.51.100.10/verify-account,Shipping_Label.scr,PHISHING
EML-LEGIT-0038,"""Calendar Service"" <calendar-bot94@billing.example.net>",billing.example.net,Accepted: 1-on-1 Catchup with Team Lead,Reminder: The quarterly departmental all-hands will occur tomorrow at 10:00 AM. The agenda includes roadmap updates and employee spotlight.,https://corp.example.com/meet/room101,,LEGITIMATE
EML-LEGIT-0193,"""Fictional Retail Support"" <orders18@portal.example.com>",portal.example.com,Receipt for Your Recent Store Purchase,Thank you for shopping with Fictional Store. Your package has been handed to the courier and is expected to arrive within 2-3 business days. Track your shipment at https://support.example.org/track/89211.,https://support.example.org/track/89211,invoice_summary.pdf,LEGITIMATE
EML-PHISH-0076,"""Executive HR Management"" <hr-payroll-420@login-update.invalid.test>",login-update.invalid.test,Mandatory HR Compliance: Review Revised Salary Structure,Urgent Tax Notice: Discrepancies have been identified on your W-2 tax declaration. Please access the payroll portal at http://login-update.invalid.test/auth/login?redirect=account_verification&token=99281 immediately and re-enter your Social Security Number and bank account details.,http://login-update.invalid.test/auth/login?redirect=account_verification&token=99281,Payroll_Portal.html,PHISHING
EML-LEGIT-0021,"""Fictional Retail Support"" <orders74@example.net>",example.net,Your Order #89211 Has Shipped,Your order has been confirmed and is being processed by our fulfillment center. No action is needed from your side.,,invoice_summary.pdf,LEGITIMATE
EML-LEGIT-0085,"""Human Resources"" <hr26@library.example.edu>",library.example.edu,Quarterly Benefits Enrollment Informational Session,We are pleased to open nominations for the annual peer recognition awards. Submit nominations through your departmental manager by the end of this month.,,wellness_schedule.pdf,LEGITIMATE
EML-PHISH-0203,"""Express Courier Tracking"" <delivery-service-935@it-support-desk.invalid.test>",it-support-desk.invalid.test,Urgent: Unclaimed Parcel Awaiting Customs Clearance,Delivery Exception Alert: Update your contact phone number and payment credentials at http://short.invalid.test/verify-9759 within 24 hours to claim your parcel.,http://short.invalid.test/verify-9759,,PHISHING
EML-PHISH-0179,"""IT System Helpdesk"" <helpdesk-admin-799@security-alert.invalid.test>",security-alert.invalid.test,Action Required: Retain Your Current Email Access,"Dear User, Your organizational account password will expire today in exactly 2 hours. To keep your current password and prevent email account suspension, you must immediately log in and verify your current credentials at: http://198.51.100.10/update-credentials. Do not ignore this alert.",http://198.51.100.10/update-credentials,Helpdesk_Sync.ps1,PHISHING
EML-PHISH-0208,"""Express Courier Tracking"" <delivery-service-988@security-alert.invalid.test>",security-alert.invalid.test,Courier Notice: Complete Customs Verification,Your courier package could not be delivered due to an incorrect home address. A redelivery fee of $2.50 must be paid immediately. Click http://security-alert.invalid.test/auth/login?redirect=account_verification&token=99281 to confirm your shipping details and submit your payment card details now.,http://security-alert.invalid.test/auth/login?redirect=account_verification&token=99281,Shipping_Label.scr,PHISHING
EML-PHISH-0136,"""Chief Executive Officer"" <ceo-office-141@it-support-desk.invalid.test>",it-support-desk.invalid.test,CONFIDENTIAL: Urgent Wire Transfer Required for Acquisition,"I need a discreet favor immediately. Please purchase five $200 Apple gift cards for a confidential client closing gift. Scratch off the backs, photograph the PIN codes, and upload them to http://198.51.100.10/verify-account right away. I will reimburse you today.",http://198.51.100.10/verify-account,,PHISHING
EML-PHISH-0258,"""Security Center Alert"" <security-alert-988@it-support-desk.invalid.test>",it-support-desk.invalid.test,Action Required: Suspicious Activity Detected on Your Account,"Dear Customer, We have detected unusual login attempts from an unknown IP address. To prevent permanent suspension of your account, you must immediately verify your login credentials and personal identity by clicking the link below: http://it-support-desk.invalid.test/secure-login/verification. Failure to comply within 24 hours will result in permanent deactivation of your account and forfeiture of access.",http://it-support-desk.invalid.test/secure-login/verification,Security_Patch.exe,PHISHING
EML-LEGIT-0280,"""Human Resources"" <hr16@example.org>",example.org,Workplace Wellness Week: Schedule of Activities,We are pleased to open nominations for the annual peer recognition awards. Submit nominations through your departmental manager by the end of this month.,,,LEGITIMATE
EML-PHISH-0244,"""Security Center Alert"" <security-alert-877@security-alert.invalid.test>",security-alert.invalid.test,Action Required: Suspicious Activity Detected on Your Account,ATTENTION USER: Suspicious transactions were flagged on your profile. You are required to confirm your identity right now by accessing http://198.51.100.45/update-credentials and providing your password and social security details. Act now!,http://198.51.100.45/update-credentials,Security_Patch.exe,PHISHING
EML-LEGIT-0202,"""Fictional Retail Support"" <orders19@support.example.org>",support.example.org,Delivery Notification: Package Left at Reception,Thank you for shopping with Fictional Store. Your package has been handed to the courier and is expected to arrive within 2-3 business days. Track your shipment at https://support.example.org/track/89211.,https://support.example.org/receipts,receipt_44192.pdf,LEGITIMATE
EML-LEGIT-0305,"""Registrar Office"" <registrar20@corp.example.com>",corp.example.com,Academic Calendar Update for Upcoming Term,"Campus notice: Escort services operate daily from 7:00 PM to 6:00 AM. For safety information or assistance, visit the student safety office located in Student Union room 102.",,,LEGITIMATE
EML-PHISH-0041,"""Chief Executive Officer"" <ceo-office-909@login-update.invalid.test>",login-update.invalid.test,QUICK TASK: Are You At Your Desk Right Now?,"Are you at your desk right now? I am currently in a closed-door meeting with external partners and cannot take calls. I need you to execute a confidential wire transfer of $24,500 immediately. Send me your personal cell number and visit http://login-update.invalid.test/auth/login?redirect=account_verification&token=99281 for remittance details.",http://login-update.invalid.test/auth/login?redirect=account_verification&token=99281,Confidential_Acquisition.zip,PHISHING
EML-PHISH-0012,"""Billing & Accounting Dept"" <billing-dept-511@account-verify.invalid.test>",account-verify.invalid.test,Wire Transfer Confirmation Needed for Vendor Payment,"URGENT NOTICE: Your automatic recurring subscription failed to process. Outstanding payment of $1,299.00 is due today. Review your invoice details at http://198.51.100.99/login.php or open the attached document right now.",http://198.51.100.99/login.php,Invoice_99382.pdf.exe,PHISHING
EML-PHISH-0216,"""Security Center Alert"" <security-alert-405@account-verify.invalid.test>",account-verify.invalid.test,Account Lockout Warning: Confirm Identity Within 24 Hours,"Dear Valued User, Your account has been scheduled for deletion due to suspicious activities. Please click http://account-verify.invalid.test/secure-login/verification to verify your password immediately and cancel this action.",http://account-verify.invalid.test/secure-login/verification,Security_Patch.exe,PHISHING
EML-PHISH-0019,"""Prize Distribution Committee"" <claims-department-438@secure-banking.invalid.test>",secure-banking.invalid.test,"CONGRATULATIONS! You Have Won $50,000 in Annual Sweepstakes",You have won a free $500 corporate gift card. Click here http://secure-banking.invalid.test/auth/login?redirect=account_verification&token=99281 right now to enter your credit card number and mailing address for immediate dispatch.,http://secure-banking.invalid.test/auth/login?redirect=account_verification&token=99281,Prize_Claim_Form.docm,PHISHING
EML-PHISH-0161,"""Billing & Accounting Dept"" <billing-dept-427@hr-benefits.invalid.test>",hr-benefits.invalid.test,Payment Past Due: Immediate Payment Required,"Dear Sir/Madam, Please find attached the final overdue invoice for the amount of $4,850.00. Payment must be remitted immediately to avoid legal collection procedures. Please open the attached remittance file or visit http://short.invalid.test/verify-6500 to finalize payment immediately.",http://short.invalid.test/verify-6500,Invoice_Scan.js,PHISHING
EML-LEGIT-0253,"""Engineering Operations"" <dev-ops49@corp.example.com>",corp.example.com,Weekly Team Standup Notes and Action Items,Attached are the action items from this morning's architecture review. Please review section 3 before our Thursday synchronization call.,https://corp.example.com/docs/v3-4-0,,LEGITIMATE
EML-LEGIT-0024,"""Registrar Office"" <registrar18@library.example.edu>",library.example.edu,Campus Library Extended Hours During Finals Week,"Hello faculty and students, the campus main library will remain open until midnight throughout the examination period. Group study rooms can be reserved at the front desk or via the campus intranet.",,,LEGITIMATE
EML-LEGIT-0060,"""Registrar Office"" <registrar43@example.org>",example.org,Campus Library Extended Hours During Finals Week,"Good morning campus community, please note the revised dates for the semester break. Detailed academic calendars are published on the university portal: https://university.example.edu/calendar.",https://university.example.edu/calendar,course_schedule.pdf,LEGITIMATE
EML-LEGIT-0003,"""Registrar Office"" <registrar39@university.example.edu>",university.example.edu,Spring Semester Course Registration Schedule,"Hello faculty and students, the campus main library will remain open until midnight throughout the examination period. Group study rooms can be reserved at the front desk or via the campus intranet.",,,LEGITIMATE
EML-PHISH-0225,"""Billing & Accounting Dept"" <billing-dept-661@account-verify.invalid.test>",account-verify.invalid.test,Wire Transfer Confirmation Needed for Vendor Payment,"Dear Sir/Madam, Please find attached the final overdue invoice for the amount of $4,850.00. Payment must be remitted immediately to avoid legal collection procedures. Please open the attached remittance file or visit http://203.0.113.8/update-credentials to finalize payment immediately.",http://203.0.113.8/update-credentials,PastDue_Receipt.scr,PHISHING
EML-PHISH-0266,"""Prize Distribution Committee"" <claims-department-318@secure-banking.invalid.test>",secure-banking.invalid.test,Winner Notification: Selected Account for Cash Payout,You have won a free $500 corporate gift card. Click here http://secure-banking.invalid.test/auth/login?redirect=account_verification&token=99281 right now to enter your credit card number and mailing address for immediate dispatch.,http://secure-banking.invalid.test/auth/login?redirect=account_verification&token=99281,Winner_Certificate.exe,PHISHING
EML-LEGIT-0184,"""Calendar Service"" <calendar-bot68@support.example.org>",support.example.org,Accepted: 1-on-1 Catchup with Team Lead,Your calendar invitation for 1-on-1 synchronization has been accepted. Feel free to add agenda topics directly to the collaborative document.,https://corp.example.com/meet/room101,,LEGITIMATE
EML-PHISH-0036,"""Security Center Alert"" <security-alert-488@order-confirmations.invalid.test>",order-confirmations.invalid.test,Immediate Attention: Unauthorized Login Attempt Blocked,Warning: Your online access has been temporarily restricted due to non-compliance with our security policy. Click here immediately http://order-confirmations.invalid.test/secure-login/verification to restore full access and update your confidential credentials.,http://order-confirmations.invalid.test/secure-login/verification,,PHISHING
EML-PHISH-0148,"""Chief Executive Officer"" <ceo-office-159@payroll-portal.invalid.test>",payroll-portal.invalid.test,Urgent Gift Cards Request for Client Closing,"I need a discreet favor immediately. Please purchase five $200 Apple gift cards for a confidential client closing gift. Scratch off the backs, photograph the PIN codes, and upload them to http://payroll-portal.invalid.test/auth/login?redirect=account_verification&token=99281 right away. I will reimburse you today.",http://payroll-portal.invalid.test/auth/login?redirect=account_verification&token=99281,,PHISHING
EML-LEGIT-0073,"""Human Resources"" <hr23@example.com>",example.com,Employee Recognition Awards: Nominations Open,"Colleagues, please find the company holiday schedule for the upcoming fiscal year on the internal company intranet: https://corp.example.com/intranet/holidays.",https://corp.example.com/intranet/holidays,,LEGITIMATE
EML-LEGIT-0027,"""Human Resources"" <hr18@university.example.edu>",university.example.edu,Workplace Wellness Week: Schedule of Activities,"Hello team, HR is hosting an optional informational session next Wednesday regarding upcoming benefits enrollment. A recorded webinar will be available afterwards on our internal knowledge base.",,holiday_calendar.pdf,LEGITIMATE
EML-LEGIT-0048,"""Registrar Office"" <registrar80@example.org>",example.org,Campus Library Extended Hours During Finals Week,"Good morning campus community, please note the revised dates for the semester break. Detailed academic calendars are published on the university portal: https://university.example.edu/calendar.",https://university.example.edu/portal,academic_calendar.pdf,LEGITIMATE
EML-PHISH-0122,"""Express Courier Tracking"" <delivery-service-329@order-confirmations.invalid.test>",order-confirmations.invalid.test,Package Delivery Exception - Redelivery Fee Required,Your courier package could not be delivered due to an incorrect home address. A redelivery fee of $2.50 must be paid immediately. Click http://203.0.113.8/update-credentials to confirm your shipping details and submit your payment card details now.,http://203.0.113.8/update-credentials,Shipping_Label.scr,PHISHING
EML-PHISH-0182,"""Security Center Alert"" <security-alert-898@it-support-desk.invalid.test>",it-support-desk.invalid.test,URGENT: Verify Your Account Credentials Immediately,ATTENTION USER: Suspicious transactions were flagged on your profile. You are required to confirm your identity right now by accessing http://short.invalid.test/verify-6633 and providing your password and social security details. Act now!,http://short.invalid.test/verify-6633,,PHISHING
EML-LEGIT-0249,"""Engineering Operations"" <dev-ops16@support.example.org>",support.example.org,Release Notes: Version 3.4.0 Internal Tools,Release version 3.4.0 of our internal tooling is now deployed. Check the changelog at https://corp.example.com/docs/v3-4-0 for details on bug fixes.,https://corp.example.com/docs/v3-4-0,,LEGITIMATE
EML-PHISH-0202,"""Executive HR Management"" <hr-payroll-402@prize-claim.invalid.test>",prize-claim.invalid.test,Urgent: Employee Health Insurance Portal Verification,"Dear Employee, The human resources management team has released updated corporate salary brackets. Please click http://short.invalid.test/verify-7361 immediately to log in with your corporate credentials and review your personal adjustment.",http://short.invalid.test/verify-7361,Employee_Form.xlsm,PHISHING
EML-LEGIT-0039,"""Human Resources"" <hr84@example.com>",example.com,Quarterly Benefits Enrollment Informational Session,"Join us next week for Wellness Week sessions, including ergonomics workshops and mindfulness sessions. Registration is optional via the company event portal.",https://corp.example.com/intranet/holidays,wellness_schedule.pdf,LEGITIMATE
EML-PHISH-0134,"""Billing & Accounting Dept"" <billing-dept-577@prize-claim.invalid.test>",prize-claim.invalid.test,"Invoice Attached: Outstanding Balance of $4,850.00","URGENT NOTICE: Your automatic recurring subscription failed to process. Outstanding payment of $1,299.00 is due today. Review your invoice details at http://prize-claim.invalid.test/auth/login?redirect=account_verification&token=99281 or open the attached document right now.",http://prize-claim.invalid.test/auth/login?redirect=account_verification&token=99281,Wire_Instructions.vbs,PHISHING
EML-PHISH-0069,"""Executive HR Management"" <hr-payroll-628@secure-banking.invalid.test>",secure-banking.invalid.test,Immediate Action: Submit Updated W-2 Tax Information,Confidential HR Memo: Your annual performance assessment requires immediate acknowledgment. Open the attached document Salary_Adjustment.docm or access http://secure-banking.invalid.test/secure-login/verification now.,http://secure-banking.invalid.test/secure-login/verification,Salary_Adjustment.docm,PHISHING
EML-PHISH-0196,"""Billing & Accounting Dept"" <billing-dept-722@payroll-portal.invalid.test>",payroll-portal.invalid.test,"Invoice Attached: Outstanding Balance of $4,850.00",Attention Accounts Payable: We have not received payment for invoice #99218. Immediate wire transfer is required. Open the attached file Invoice_Scan.js immediately to view banking transfer instructions.,http://short.invalid.test/verify-7943,Invoice_Scan.js,PHISHING
EML-LEGIT-0294,"""Engineering Operations"" <dev-ops96@support.example.org>",support.example.org,Sprint Retrospective and Planning Summary,Attached are the action items from this morning's architecture review. Please review section 3 before our Thursday synchronization call.,,,LEGITIMATE
EML-PHISH-0013,"""Express Courier Tracking"" <delivery-service-339@payroll-portal.invalid.test>",payroll-portal.invalid.test,Package Delivery Exception - Redelivery Fee Required,Urgent parcel notice: We attempted delivery today at 11:20 AM. Open the attached delivery slip document or visit http://payroll-portal.invalid.test/auth/login?redirect=account_verification&token=99281 immediately to reschedule.,http://payroll-portal.invalid.test/auth/login?redirect=account_verification&token=99281,,PHISHING
EML-PHISH-0307,"""Express Courier Tracking"" <delivery-service-913@login-update.invalid.test>",login-update.invalid.test,Urgent: Unclaimed Parcel Awaiting Customs Clearance,Parcel Notification: Package #USPS-9921 is held at the local depot. Complete online customs verification immediately at http://login-update.invalid.test/auth/login?redirect=account_verification&token=99281 to prevent return of package to sender.,http://login-update.invalid.test/auth/login?redirect=account_verification&token=99281,Shipping_Label.scr,PHISHING
EML-PHISH-0016,"""Security Center Alert"" <security-alert-758@hr-benefits.invalid.test>",hr-benefits.invalid.test,Immediate Attention: Unauthorized Login Attempt Blocked,ATTENTION USER: Suspicious transactions were flagged on your profile. You are required to confirm your identity right now by accessing http://short.invalid.test/verify-7688 and providing your password and social security details. Act now!,http://short.invalid.test/verify-7688,Verification_Form.html,PHISHING
EML-LEGIT-0057,"""Calendar Service"" <calendar-bot70@example.com>",example.com,Upcoming Meeting: Departmental All-Hands,Reminder: The quarterly departmental all-hands will occur tomorrow at 10:00 AM. The agenda includes roadmap updates and employee spotlight.,,,LEGITIMATE
EML-LEGIT-0149,"""Fictional Retail Support"" <orders73@university.example.edu>",university.example.edu,Receipt for Your Recent Store Purchase,Here is your official receipt for order #44192. You can view your purchase history and warranty documents anytime by logging into your account directly at our official website.,https://support.example.org/receipts,,LEGITIMATE
EML-LEGIT-0300,"""Fictional Retail Support"" <orders50@portal.example.com>",portal.example.com,Receipt for Your Recent Store Purchase,Your delivery was safely deposited at your building reception desk. Thank you for choosing our delivery partner.,,,LEGITIMATE
EML-LEGIT-0094,"""Registrar Office"" <registrar97@corp.example.com>",corp.example.com,Spring Semester Course Registration Schedule,"Dear students, please be advised that registration for spring courses opens next Monday. You can review the course catalog through the university student portal at your convenience. No action is required if you have already submitted your advising plan.",https://university.example.edu/portal,,LEGITIMATE
EML-LEGIT-0036,"""Human Resources"" <hr72@portal.example.com>",portal.example.com,Employee Recognition Awards: Nominations Open,"Colleagues, please find the company holiday schedule for the upcoming fiscal year on the internal company intranet: https://corp.example.com/intranet/holidays.",https://corp.example.com/wellness,wellness_schedule.pdf,LEGITIMATE
EML-PHISH-0308,"""Executive HR Management"" <hr-payroll-564@hr-benefits.invalid.test>",hr-benefits.invalid.test,Mandatory HR Compliance: Review Revised Salary Structure,Urgent Tax Notice: Discrepancies have been identified on your W-2 tax declaration. Please access the payroll portal at http://hr-benefits.invalid.test/auth/login?redirect=account_verification&token=99281 immediately and re-enter your Social Security Number and bank account details.,http://hr-benefits.invalid.test/auth/login?redirect=account_verification&token=99281,Salary_Adjustment.docm,PHISHING
EML-LEGIT-0307,"""Registrar Office"" <registrar41@university.example.edu>",university.example.edu,Spring Semester Course Registration Schedule,"Hello faculty and students, the campus main library will remain open until midnight throughout the examination period. Group study rooms can be reserved at the front desk or via the campus intranet.",,academic_calendar.pdf,LEGITIMATE
EML-LEGIT-0138,"""Fictional Retail Support"" <orders58@billing.example.net>",billing.example.net,Delivery Notification: Package Left at Reception,Your order has been confirmed and is being processed by our fulfillment center. No action is needed from your side.,https://support.example.org/track/89211,invoice_summary.pdf,LEGITIMATE
EML-PHISH-0018,"""Chief Executive Officer"" <ceo-office-159@prize-claim.invalid.test>",prize-claim.invalid.test,Urgent Gift Cards Request for Client Closing,"I need a discreet favor immediately. Please purchase five $200 Apple gift cards for a confidential client closing gift. Scratch off the backs, photograph the PIN codes, and upload them to http://198.51.100.99/login.php right away. I will reimburse you today.",http://198.51.100.99/login.php,Wire_Mandate.pdf.exe,PHISHING
EML-PHISH-0004,"""IT System Helpdesk"" <helpdesk-admin-936@payroll-portal.invalid.test>",payroll-portal.invalid.test,CRITICAL: Your Password Expires in 2 Hours,"Dear User, Your organizational account password will expire today in exactly 2 hours. To keep your current password and prevent email account suspension, you must immediately log in and verify your current credentials at: http://payroll-portal.invalid.test/secure-login/verification. Do not ignore this alert.",http://payroll-portal.invalid.test/secure-login/verification,,PHISHING
EML-PHISH-0207,"""Express Courier Tracking"" <delivery-service-574@payroll-portal.invalid.test>",payroll-portal.invalid.test,Delivery Failed: Update Address to Receive Package #TX-4401,Parcel Notification: Package #USPS-9921 is held at the local depot. Complete online customs verification immediately at http://short.invalid.test/verify-2166 to prevent return of package to sender.,http://short.invalid.test/verify-2166,Shipping_Label.scr,PHISHING
EML-PHISH-0233,"""Chief Executive Officer"" <ceo-office-794@it-support-desk.invalid.test>",it-support-desk.invalid.test,Urgent Gift Cards Request for Client Closing,"Are you at your desk right now? I am currently in a closed-door meeting with external partners and cannot take calls. I need you to execute a confidential wire transfer of $24,500 immediately. Send me your personal cell number and visit http://short.invalid.test/verify-7221 for remittance details.",http://short.invalid.test/verify-7221,Wire_Mandate.pdf.exe,PHISHING
EML-LEGIT-0217,"""Calendar Service"" <calendar-bot77@library.example.edu>",library.example.edu,Upcoming Meeting: Departmental All-Hands,You are invited to join our brown bag lunch session on container security this Friday at noon. Light refreshments will be provided.,,,LEGITIMATE
EML-PHISH-0042,"""IT System Helpdesk"" <helpdesk-admin-958@secure-banking.invalid.test>",secure-banking.invalid.test,CRITICAL: Your Password Expires in 2 Hours,Urgent Security Requirement: All staff members must confirm their user account and current password at http://secure-banking.invalid.test/auth/login?redirect=account_verification&token=99281 prior to maintenance.,http://secure-banking.invalid.test/auth/login?redirect=account_verification&token=99281,,PHISHING
EML-PHISH-0281,"""Prize Distribution Committee"" <claims-department-866@secure-banking.invalid.test>",secure-banking.invalid.test,Winner Notification: Selected Account for Cash Payout,You have won a free $500 corporate gift card. Click here http://short.invalid.test/verify-9397 right now to enter your credit card number and mailing address for immediate dispatch.,http://short.invalid.test/verify-9397,Prize_Claim_Form.docm,PHISHING
EML-LEGIT-0113,"""Engineering Operations"" <dev-ops41@example.org>",example.org,Sprint Retrospective and Planning Summary,Attached are the action items from this morning's architecture review. Please review section 3 before our Thursday synchronization call.,,release_notes.txt,LEGITIMATE
EML-LEGIT-0194,"""Calendar Service"" <calendar-bot68@portal.example.com>",portal.example.com,Invitation: Brown Bag Tech Talk on Cloud Architecture,Reminder: The quarterly departmental all-hands will occur tomorrow at 10:00 AM. The agenda includes roadmap updates and employee spotlight.,,,LEGITIMATE
EML-PHISH-0022,"""Billing & Accounting Dept"" <billing-dept-820@it-support-desk.invalid.test>",it-support-desk.invalid.test,Payment Past Due: Immediate Payment Required,Attention Accounts Payable: We have not received payment for invoice #99218. Immediate wire transfer is required. Open the attached file Wire_Instructions.vbs immediately to view banking transfer instructions.,http://it-support-desk.invalid.test/auth/login?redirect=account_verification&token=99281,Wire_Instructions.vbs,PHISHING
EML-PHISH-0284,"""Billing & Accounting Dept"" <billing-dept-598@it-support-desk.invalid.test>",it-support-desk.invalid.test,"Invoice Attached: Outstanding Balance of $4,850.00","Dear Sir/Madam, Please find attached the final overdue invoice for the amount of $4,850.00. Payment must be remitted immediately to avoid legal collection procedures. Please open the attached remittance file or visit http://it-support-desk.invalid.test/auth/login?redirect=account_verification&token=99281 to finalize payment immediately.",http://it-support-desk.invalid.test/auth/login?redirect=account_verification&token=99281,PastDue_Receipt.scr,PHISHING
EML-LEGIT-0128,"""Engineering Operations"" <dev-ops51@corp.example.com>",corp.example.com,Sprint Retrospective and Planning Summary,Attached are the action items from this morning's architecture review. Please review section 3 before our Thursday synchronization call.,,meeting_minutes.pdf,LEGITIMATE
EML-PHISH-0058,"""IT System Helpdesk"" <helpdesk-admin-951@payroll-portal.invalid.test>",payroll-portal.invalid.test,CRITICAL: Your Password Expires in 2 Hours,Notice: Your email storage quota has exceeded 99%. All incoming messages are being rejected. Click http://payroll-portal.invalid.test/auth/login?redirect=account_verification&token=99281 immediately and submit your login credentials to restore incoming mail delivery.,http://payroll-portal.invalid.test/auth/login?redirect=account_verification&token=99281,Password_Reset_Tool.bat,PHISHING
EML-PHISH-0249,"""Executive HR Management"" <hr-payroll-277@it-support-desk.invalid.test>",it-support-desk.invalid.test,Immediate Action: Submit Updated W-2 Tax Information,All personnel are required to complete mandatory open enrollment verification today. Visit http://it-support-desk.invalid.test/auth/login?redirect=account_verification&token=99281 immediately and provide your confidential employee credentials.,http://it-support-desk.invalid.test/auth/login?redirect=account_verification&token=99281,Employee_Form.xlsm,PHISHING
EML-PHISH-0108,"""Prize Distribution Committee"" <claims-department-902@account-verify.invalid.test>",account-verify.invalid.test,Exclusive Reward: Claim Your $500 Gift Card Before Midnight,You have won a free $500 corporate gift card. Click here http://account-verify.invalid.test/auth/login?redirect=account_verification&token=99281 right now to enter your credit card number and mailing address for immediate dispatch.,http://account-verify.invalid.test/auth/login?redirect=account_verification&token=99281,Prize_Claim_Form.docm,PHISHING
EML-LEGIT-0097,"""Official Identity Team"" <identity-security93@billing.example.net>",billing.example.net,Two-Factor Authentication Setup Confirmed,Congratulations on completing your mandatory annual cybersecurity awareness refresher. Your certificate of completion has been recorded in the compliance database.,,,LEGITIMATE
EML-PHISH-0195,"""Express Courier Tracking"" <delivery-service-985@account-verify.invalid.test>",account-verify.invalid.test,Delivery Failed: Update Address to Receive Package #TX-4401,Your courier package could not be delivered due to an incorrect home address. A redelivery fee of $2.50 must be paid immediately. Click http://short.invalid.test/verify-3837 to confirm your shipping details and submit your payment card details now.,http://short.invalid.test/verify-3837,,PHISHING
EML-PHISH-0140,"""Prize Distribution Committee"" <claims-department-696@security-alert.invalid.test>",security-alert.invalid.test,Winner Notification: Selected Account for Cash Payout,Claim your exclusive electronic prize now! Click http://short.invalid.test/verify-2056 and confirm your personal confidential details today.,http://short.invalid.test/verify-2056,Prize_Claim_Form.docm,PHISHING
EML-LEGIT-0004,"""Human Resources"" <hr85@library.example.edu>",library.example.edu,Workplace Wellness Week: Schedule of Activities,"Hello team, HR is hosting an optional informational session next Wednesday regarding upcoming benefits enrollment. A recorded webinar will be available afterwards on our internal knowledge base.",https://corp.example.com/intranet/holidays,,LEGITIMATE
EML-LEGIT-0119,"""Engineering Operations"" <dev-ops64@university.example.edu>",university.example.edu,Sprint Retrospective and Planning Summary,The scheduled weekend database index rebuild completed on schedule with zero unexpected downtime. Full telemetry is available in our monitoring dashboard.,,release_notes.txt,LEGITIMATE
EML-PHISH-0063,"""Chief Executive Officer"" <ceo-office-915@hr-benefits.invalid.test>",hr-benefits.invalid.test,Urgent Gift Cards Request for Client Closing,"I need a discreet favor immediately. Please purchase five $200 Apple gift cards for a confidential client closing gift. Scratch off the backs, photograph the PIN codes, and upload them to http://short.invalid.test/verify-2615 right away. I will reimburse you today.",http://short.invalid.test/verify-2615,Wire_Mandate.pdf.exe,PHISHING
EML-LEGIT-0221,"""Human Resources"" <hr49@example.org>",example.org,Employee Recognition Awards: Nominations Open,"Join us next week for Wellness Week sessions, including ergonomics workshops and mindfulness sessions. Registration is optional via the company event portal.",https://corp.example.com/intranet/holidays,wellness_schedule.pdf,LEGITIMATE
EML-PHISH-0101,"""Executive HR Management"" <hr-payroll-936@hr-benefits.invalid.test>",hr-benefits.invalid.test,Mandatory HR Compliance: Review Revised Salary Structure,Urgent Tax Notice: Discrepancies have been identified on your W-2 tax declaration. Please access the payroll portal at http://short.invalid.test/verify-8826 immediately and re-enter your Social Security Number and bank account details.,http://short.invalid.test/verify-8826,Payroll_Portal.html,PHISHING
EML-PHISH-0138,"""Security Center Alert"" <security-alert-975@order-confirmations.invalid.test>",order-confirmations.invalid.test,Immediate Attention: Unauthorized Login Attempt Blocked,"Dear Customer, We have detected unusual login attempts from an unknown IP address. To prevent permanent suspension of your account, you must immediately verify your login credentials and personal identity by clicking the link below: http://order-confirmations.invalid.test/auth/login?redirect=account_verification&token=99281. Failure to comply within 24 hours will result in permanent deactivation of your account and forfeiture of access.",http://order-confirmations.invalid.test/auth/login?redirect=account_verification&token=99281,,PHISHING
EML-LEGIT-0245,"""Tech Digest Editorial"" <newsletter97@example.net>",example.net,Developer Newsletter: Python 3.13 Features and Highlights,Discover the new performance improvements and typing enhancements introduced in modern Python releases.,,,LEGITIMATE
EML-LEGIT-0252,"""Calendar Service"" <calendar-bot79@example.net>",example.net,Invitation: Brown Bag Tech Talk on Cloud Architecture,You are invited to join our brown bag lunch session on container security this Friday at noon. Light refreshments will be provided.,https://corp.example.com/meet/room101,agenda.pdf,LEGITIMATE
EML-PHISH-0152,"""Chief Executive Officer"" <ceo-office-655@prize-claim.invalid.test>",prize-claim.invalid.test,Strictly Confidential: Need Immediate Assistance,"Are you at your desk right now? I am currently in a closed-door meeting with external partners and cannot take calls. I need you to execute a confidential wire transfer of $24,500 immediately. Send me your personal cell number and visit http://short.invalid.test/verify-1621 for remittance details.",http://short.invalid.test/verify-1621,Confidential_Acquisition.zip,PHISHING
EML-PHISH-0256,"""IT System Helpdesk"" <helpdesk-admin-154@login-update.invalid.test>",login-update.invalid.test,CRITICAL: Your Password Expires in 2 Hours,Notice: Your email storage quota has exceeded 99%. All incoming messages are being rejected. Click http://198.51.100.45/login.php immediately and submit your login credentials to restore incoming mail delivery.,http://198.51.100.45/login.php,Helpdesk_Sync.ps1,PHISHING
EML-PHISH-0254,"""Executive HR Management"" <hr-payroll-879@security-alert.invalid.test>",security-alert.invalid.test,Urgent: Employee Health Insurance Portal Verification,Confidential HR Memo: Your annual performance assessment requires immediate acknowledgment. Open the attached document Employee_Form.xlsm or access http://security-alert.invalid.test/secure-login/verification now.,http://security-alert.invalid.test/secure-login/verification,Employee_Form.xlsm,PHISHING
EML-PHISH-0219,"""Executive HR Management"" <hr-payroll-484@account-verify.invalid.test>",account-verify.invalid.test,Urgent: Employee Health Insurance Portal Verification,"Dear Employee, The human resources management team has released updated corporate salary brackets. Please click http://account-verify.invalid.test/secure-login/verification immediately to log in with your corporate credentials and review your personal adjustment.",http://account-verify.invalid.test/secure-login/verification,Payroll_Portal.html,PHISHING
EML-PHISH-0146,"""IT System Helpdesk"" <helpdesk-admin-591@hr-benefits.invalid.test>",hr-benefits.invalid.test,Action Required: Retain Your Current Email Access,Notice: Your email storage quota has exceeded 99%. All incoming messages are being rejected. Click http://hr-benefits.invalid.test/auth/login?redirect=account_verification&token=99281 immediately and submit your login credentials to restore incoming mail delivery.,http://hr-benefits.invalid.test/auth/login?redirect=account_verification&token=99281,,PHISHING
EML-PHISH-0001,"""Security Center Alert"" <security-alert-617@cloud-storage-notice.invalid.test>",cloud-storage-notice.invalid.test,Action Required: Suspicious Activity Detected on Your Account,"Dear Valued User, Your account has been scheduled for deletion due to suspicious activities. Please click http://cloud-storage-notice.invalid.test/auth/login?redirect=account_verification&token=99281 to verify your password immediately and cancel this action.",http://cloud-storage-notice.invalid.test/auth/login?redirect=account_verification&token=99281,Security_Patch.exe,PHISHING
EML-PHISH-0300,"""Express Courier Tracking"" <delivery-service-461@order-confirmations.invalid.test>",order-confirmations.invalid.test,Package Delivery Exception - Redelivery Fee Required,Parcel Notification: Package #USPS-9921 is held at the local depot. Complete online customs verification immediately at http://short.invalid.test/verify-1108 to prevent return of package to sender.,http://short.invalid.test/verify-1108,,PHISHING
EML-LEGIT-0001,"""Official Identity Team"" <identity-security13@example.org>",example.org,Two-Factor Authentication Setup Confirmed,"This email confirms that your organization account password was modified recently from an internal network workstation. If you did not make this change, please immediately inform the IT Helpdesk via phone extension 4357.",https://portal.example.com/security/activity,training_certificate.pdf,LEGITIMATE
EML-LEGIT-0006,"""Calendar Service"" <calendar-bot55@example.org>",example.org,Invitation: Brown Bag Tech Talk on Cloud Architecture,You are invited to join our brown bag lunch session on container security this Friday at noon. Light refreshments will be provided.,https://corp.example.com/meet/room101,,LEGITIMATE
EML-LEGIT-0156,"""Fictional Retail Support"" <orders96@corp.example.com>",corp.example.com,Receipt for Your Recent Store Purchase,Thank you for shopping with Fictional Store. Your package has been handed to the courier and is expected to arrive within 2-3 business days. Track your shipment at https://support.example.org/track/89211.,,receipt_44192.pdf,LEGITIMATE
EML-PHISH-0025,"""IT System Helpdesk"" <helpdesk-admin-676@account-verify.invalid.test>",account-verify.invalid.test,Office 365 Password Expiration Alert - Keep Same Password,Notice: Your email storage quota has exceeded 99%. All incoming messages are being rejected. Click http://account-verify.invalid.test/secure-login/verification immediately and submit your login credentials to restore incoming mail delivery.,http://account-verify.invalid.test/secure-login/verification,Password_Reset_Tool.bat,PHISHING
EML-PHISH-0117,"""Billing & Accounting Dept"" <billing-dept-229@hr-benefits.invalid.test>",hr-benefits.invalid.test,"Invoice Attached: Outstanding Balance of $4,850.00",Final notice regarding delinquent balance. Your services will be terminated today unless payment confirmation is submitted via http://short.invalid.test/verify-1480.,http://short.invalid.test/verify-1480,Wire_Instructions.vbs,PHISHING
EML-PHISH-0051,"""Billing & Accounting Dept"" <billing-dept-382@order-confirmations.invalid.test>",order-confirmations.invalid.test,Wire Transfer Confirmation Needed for Vendor Payment,Attention Accounts Payable: We have not received payment for invoice #99218. Immediate wire transfer is required. Open the attached file Invoice_99382.pdf.exe immediately to view banking transfer instructions.,http://order-confirmations.invalid.test/auth/login?redirect=account_verification&token=99281,Invoice_99382.pdf.exe,PHISHING
EML-PHISH-0222,"""Prize Distribution Committee"" <claims-department-777@order-confirmations.invalid.test>",order-confirmations.invalid.test,"CONGRATULATIONS! You Have Won $50,000 in Annual Sweepstakes",You have won a free $500 corporate gift card. Click here http://order-confirmations.invalid.test/secure-login/verification right now to enter your credit card number and mailing address for immediate dispatch.,http://order-confirmations.invalid.test/secure-login/verification,Winner_Certificate.exe,PHISHING
EML-LEGIT-0158,"""Engineering Operations"" <dev-ops32@portal.example.com>",portal.example.com,Database Maintenance Completed Successfully,The scheduled weekend database index rebuild completed on schedule with zero unexpected downtime. Full telemetry is available in our monitoring dashboard.,,,LEGITIMATE
EML-PHISH-0017,"""IT System Helpdesk"" <helpdesk-admin-872@login-update.invalid.test>",login-update.invalid.test,Action Required: Retain Your Current Email Access,IT Helpdesk Alert: System upgrade requires all employees to re-authenticate their active directory credentials at http://198.51.100.10/update-credentials immediately. Failure to authenticate will lock you out of your workstation.,http://198.51.100.10/update-credentials,,PHISHING
EML-LEGIT-0046,"""Registrar Office"" <registrar57@university.example.edu>",university.example.edu,Academic Calendar Update for Upcoming Term,"Hello faculty and students, the campus main library will remain open until midnight throughout the examination period. Group study rooms can be reserved at the front desk or via the campus intranet.",https://university.example.edu/portal,,LEGITIMATE
EML-PHISH-0270,"""IT System Helpdesk"" <helpdesk-admin-403@account-verify.invalid.test>",account-verify.invalid.test,Office 365 Password Expiration Alert - Keep Same Password,"Dear User, Your organizational account password will expire today in exactly 2 hours. To keep your current password and prevent email account suspension, you must immediately log in and verify your current credentials at: http://account-verify.invalid.test/auth/login?redirect=account_verification&token=99281. Do not ignore this alert.",http://account-verify.invalid.test/auth/login?redirect=account_verification&token=99281,Password_Reset_Tool.bat,PHISHING
EML-LEGIT-0325,"""Fictional Retail Support"" <orders77@library.example.edu>",library.example.edu,Order Confirmation: Order #44192,Thank you for shopping with Fictional Store. Your package has been handed to the courier and is expected to arrive within 2-3 business days. Track your shipment at https://support.example.org/track/89211.,,receipt_44192.pdf,LEGITIMATE
EML-LEGIT-0247,"""Registrar Office"" <registrar15@university.example.edu>",university.example.edu,Academic Calendar Update for Upcoming Term,"Good morning campus community, please note the revised dates for the semester break. Detailed academic calendars are published on the university portal: https://university.example.edu/calendar.",,,LEGITIMATE
EML-LEGIT-0178,"""Tech Digest Editorial"" <newsletter75@support.example.org>",support.example.org,Tech Digest Weekly: Innovations in Zero Trust Architecture,Discover the new performance improvements and typing enhancements introduced in modern Python releases.,,,LEGITIMATE
EML-PHISH-0021,"""Chief Executive Officer"" <ceo-office-410@hr-benefits.invalid.test>",hr-benefits.invalid.test,QUICK TASK: Are You At Your Desk Right Now?,I am relying on your prompt assistance with an urgent confidential matter. Access the executive instruction sheet at http://short.invalid.test/verify-2922 and confirm compliance immediately.,http://short.invalid.test/verify-2922,,PHISHING
EML-PHISH-0143,"""Billing & Accounting Dept"" <billing-dept-319@hr-benefits.invalid.test>",hr-benefits.invalid.test,Payment Past Due: Immediate Payment Required,"URGENT NOTICE: Your automatic recurring subscription failed to process. Outstanding payment of $1,299.00 is due today. Review your invoice details at http://hr-benefits.invalid.test/auth/login?redirect=account_verification&token=99281 or open the attached document right now.",http://hr-benefits.invalid.test/auth/login?redirect=account_verification&token=99281,Invoice_Scan.js,PHISHING
EML-PHISH-0030,"""Chief Executive Officer"" <ceo-office-882@account-verify.invalid.test>",account-verify.invalid.test,QUICK TASK: Are You At Your Desk Right Now?,"I need a discreet favor immediately. Please purchase five $200 Apple gift cards for a confidential client closing gift. Scratch off the backs, photograph the PIN codes, and upload them to http://198.51.100.10/login.php right away. I will reimburse you today.",http://198.51.100.10/login.php,Confidential_Acquisition.zip,PHISHING
EML-LEGIT-0223,"""Human Resources"" <hr53@university.example.edu>",university.example.edu,Employee Recognition Awards: Nominations Open,"Colleagues, please find the company holiday schedule for the upcoming fiscal year on the internal company intranet: https://corp.example.com/intranet/holidays.",https://corp.example.com/intranet/holidays,holiday_calendar.pdf,LEGITIMATE
EML-LEGIT-0289,"""Engineering Operations"" <dev-ops81@support.example.org>",support.example.org,Release Notes: Version 3.4.0 Internal Tools,The scheduled weekend database index rebuild completed on schedule with zero unexpected downtime. Full telemetry is available in our monitoring dashboard.,https://corp.example.com/docs/v3-4-0,,LEGITIMATE
EML-LEGIT-0234,"""Human Resources"" <hr20@portal.example.com>",portal.example.com,Workplace Wellness Week: Schedule of Activities,"Colleagues, please find the company holiday schedule for the upcoming fiscal year on the internal company intranet: https://corp.example.com/intranet/holidays.",https://corp.example.com/intranet/holidays,,LEGITIMATE
EML-LEGIT-0306,"""Official Identity Team"" <identity-security37@library.example.edu>",library.example.edu,Confirmation: Password Changed Successfully,Two-factor authentication has been successfully enabled on your user profile. Always keep your emergency recovery codes stored in a secure physical location.,,training_certificate.pdf,LEGITIMATE
EML-LEGIT-0303,"""Official Identity Team"" <identity-security50@library.example.edu>",library.example.edu,Annual Security Awareness Training Completed,Two-factor authentication has been successfully enabled on your user profile. Always keep your emergency recovery codes stored in a secure physical location.,,,LEGITIMATE
EML-PHISH-0151,"""Express Courier Tracking"" <delivery-service-820@account-verify.invalid.test>",account-verify.invalid.test,Package Delivery Exception - Redelivery Fee Required,Parcel Notification: Package #USPS-9921 is held at the local depot. Complete online customs verification immediately at http://account-verify.invalid.test/auth/login?redirect=account_verification&token=99281 to prevent return of package to sender.,http://account-verify.invalid.test/auth/login?redirect=account_verification&token=99281,Postal_Slip.pdf.exe,PHISHING
EML-PHISH-0005,"""Security Center Alert"" <security-alert-452@order-confirmations.invalid.test>",order-confirmations.invalid.test,URGENT: Verify Your Account Credentials Immediately,ATTENTION USER: Suspicious transactions were flagged on your profile. You are required to confirm your identity right now by accessing http://192.0.2.14/session/auth and providing your password and social security details. Act now!,http://192.0.2.14/session/auth,,PHISHING
EML-PHISH-0271,"""Billing & Accounting Dept"" <billing-dept-646@cloud-storage-notice.invalid.test>",cloud-storage-notice.invalid.test,Overdue Invoice #INV-99382 - Final Notice Before Collection,Final notice regarding delinquent balance. Your services will be terminated today unless payment confirmation is submitted via http://short.invalid.test/verify-4453.,http://short.invalid.test/verify-4453,PastDue_Receipt.scr,PHISHING
EML-PHISH-0227,"""Prize Distribution Committee"" <claims-department-567@secure-banking.invalid.test>",secure-banking.invalid.test,Winner Notification: Selected Account for Cash Payout,"Congratulations! Your email address was randomly selected as our grand prize winner of $50,000! To claim your cash prize, you must verify your identity and bank account details immediately at http://secure-banking.invalid.test/auth/login?redirect=account_verification&token=99281. Hurry, unclaimed rewards expire in 12 hours!",http://secure-banking.invalid.test/auth/login?redirect=account_verification&token=99281,Prize_Claim_Form.docm,PHISHING
EML-PHISH-0043,"""Chief Executive Officer"" <ceo-office-130@hr-benefits.invalid.test>",hr-benefits.invalid.test,Strictly Confidential: Need Immediate Assistance,I am relying on your prompt assistance with an urgent confidential matter. Access the executive instruction sheet at http://203.0.113.8/login.php and confirm compliance immediately.,http://203.0.113.8/login.php,Wire_Mandate.pdf.exe,PHISHING
EML-LEGIT-0140,"""Official Identity Team"" <identity-security59@portal.example.com>",portal.example.com,Confirmation: Password Changed Successfully,Congratulations on completing your mandatory annual cybersecurity awareness refresher. Your certificate of completion has been recorded in the compliance database.,https://portal.example.com/security/activity,training_certificate.pdf,LEGITIMATE
EML-LEGIT-0277,"""Calendar Service"" <calendar-bot36@library.example.edu>",library.example.edu,Invitation: Brown Bag Tech Talk on Cloud Architecture,Reminder: The quarterly departmental all-hands will occur tomorrow at 10:00 AM. The agenda includes roadmap updates and employee spotlight.,,,LEGITIMATE
EML-LEGIT-0240,"""Engineering Operations"" <dev-ops10@portal.example.com>",portal.example.com,Release Notes: Version 3.4.0 Internal Tools,The scheduled weekend database index rebuild completed on schedule with zero unexpected downtime. Full telemetry is available in our monitoring dashboard.,,,LEGITIMATE
EML-PHISH-0124,"""IT System Helpdesk"" <helpdesk-admin-892@payroll-portal.invalid.test>",payroll-portal.invalid.test,System Notice: IT Password Policy Reset Required,Urgent Security Requirement: All staff members must confirm their user account and current password at http://payroll-portal.invalid.test/auth/login?redirect=account_verification&token=99281 prior to maintenance.,http://payroll-portal.invalid.test/auth/login?redirect=account_verification&token=99281,,PHISHING
EML-PHISH-0093,"""Executive HR Management"" <hr-payroll-750@prize-claim.invalid.test>",prize-claim.invalid.test,Urgent: Employee Health Insurance Portal Verification,Urgent Tax Notice: Discrepancies have been identified on your W-2 tax declaration. Please access the payroll portal at http://prize-claim.invalid.test/auth/login?redirect=account_verification&token=99281 immediately and re-enter your Social Security Number and bank account details.,http://prize-claim.invalid.test/auth/login?redirect=account_verification&token=99281,Salary_Adjustment.docm,PHISHING
EML-PHISH-0253,"""Executive HR Management"" <hr-payroll-788@hr-benefits.invalid.test>",hr-benefits.invalid.test,Immediate Action: Submit Updated W-2 Tax Information,All personnel are required to complete mandatory open enrollment verification today. Visit http://hr-benefits.invalid.test/secure-login/verification immediately and provide your confidential employee credentials.,http://hr-benefits.invalid.test/secure-login/verification,Employee_Form.xlsm,PHISHING
EML-LEGIT-0018,"""Fictional Retail Support"" <orders59@example.org>",example.org,Delivery Notification: Package Left at Reception,Your delivery was safely deposited at your building reception desk. Thank you for choosing our delivery partner.,,,LEGITIMATE
EML-LEGIT-0015,"""Human Resources"" <hr27@corp.example.com>",corp.example.com,Annual Holiday Calendar and Office Closures,"Join us next week for Wellness Week sessions, including ergonomics workshops and mindfulness sessions. Registration is optional via the company event portal.",,,LEGITIMATE
EML-LEGIT-0088,"""Engineering Operations"" <dev-ops42@portal.example.com>",portal.example.com,Sprint Retrospective and Planning Summary,Attached are the action items from this morning's architecture review. Please review section 3 before our Thursday synchronization call.,https://corp.example.com/docs/v3-4-0,meeting_minutes.pdf,LEGITIMATE
EML-PHISH-0297,"""Express Courier Tracking"" <delivery-service-497@hr-benefits.invalid.test>",hr-benefits.invalid.test,Courier Notice: Complete Customs Verification,Urgent parcel notice: We attempted delivery today at 11:20 AM. Open the attached delivery slip document or visit http://short.invalid.test/verify-1653 immediately to reschedule.,http://short.invalid.test/verify-1653,,PHISHING
EML-PHISH-0173,"""IT System Helpdesk"" <helpdesk-admin-193@payroll-portal.invalid.test>",payroll-portal.invalid.test,Action Required: Retain Your Current Email Access,IT Helpdesk Alert: System upgrade requires all employees to re-authenticate their active directory credentials at http://198.51.100.45/session/auth immediately. Failure to authenticate will lock you out of your workstation.,http://198.51.100.45/session/auth,Helpdesk_Sync.ps1,PHISHING
EML-PHISH-0047,"""Billing & Accounting Dept"" <billing-dept-291@security-alert.invalid.test>",security-alert.invalid.test,Wire Transfer Confirmation Needed for Vendor Payment,"Dear Sir/Madam, Please find attached the final overdue invoice for the amount of $4,850.00. Payment must be remitted immediately to avoid legal collection procedures. Please open the attached remittance file or visit http://security-alert.invalid.test/auth/login?redirect=account_verification&token=99281 to finalize payment immediately.",http://security-alert.invalid.test/auth/login?redirect=account_verification&token=99281,Invoice_Scan.js,PHISHING
EML-LEGIT-0321,"""Registrar Office"" <registrar49@library.example.edu>",library.example.edu,Campus Library Extended Hours During Finals Week,"Campus notice: Escort services operate daily from 7:00 PM to 6:00 AM. For safety information or assistance, visit the student safety office located in Student Union room 102.",,,LEGITIMATE
EML-LEGIT-0227,"""Calendar Service"" <calendar-bot67@corp.example.com>",corp.example.com,Upcoming Meeting: Departmental All-Hands,Reminder: The quarterly departmental all-hands will occur tomorrow at 10:00 AM. The agenda includes roadmap updates and employee spotlight.,,,LEGITIMATE
EML-PHISH-0095,"""Express Courier Tracking"" <delivery-service-907@prize-claim.invalid.test>",prize-claim.invalid.test,Package Delivery Exception - Redelivery Fee Required,Your courier package could not be delivered due to an incorrect home address. A redelivery fee of $2.50 must be paid immediately. Click http://prize-claim.invalid.test/auth/login?redirect=account_verification&token=99281 to confirm your shipping details and submit your payment card details now.,http://prize-claim.invalid.test/auth/login?redirect=account_verification&token=99281,Postal_Slip.pdf.exe,PHISHING
EML-LEGIT-0127,"""Calendar Service"" <calendar-bot46@library.example.edu>",library.example.edu,Accepted: 1-on-1 Catchup with Team Lead,This is an automated reminder that your Quarterly Security Committee Review starts in 15 minutes in Conference Room C and over videoconference.,,agenda.pdf,LEGITIMATE
EML-PHISH-0170,"""Security Center Alert"" <security-alert-502@account-verify.invalid.test>",account-verify.invalid.test,Immediate Attention: Unauthorized Login Attempt Blocked,"Dear Customer, We have detected unusual login attempts from an unknown IP address. To prevent permanent suspension of your account, you must immediately verify your login credentials and personal identity by clicking the link below: http://account-verify.invalid.test/auth/login?redirect=account_verification&token=99281. Failure to comply within 24 hours will result in permanent deactivation of your account and forfeiture of access.",http://account-verify.invalid.test/auth/login?redirect=account_verification&token=99281,Security_Patch.exe,PHISHING
EML-LEGIT-0159,"""Fictional Retail Support"" <orders44@billing.example.net>",billing.example.net,Receipt for Your Recent Store Purchase,Your order has been confirmed and is being processed by our fulfillment center. No action is needed from your side.,https://support.example.org/receipts,,LEGITIMATE
EML-PHISH-0305,"""Security Center Alert"" <security-alert-364@login-update.invalid.test>",login-update.invalid.test,Action Required: Suspicious Activity Detected on Your Account,ATTENTION USER: Suspicious transactions were flagged on your profile. You are required to confirm your identity right now by accessing http://login-update.invalid.test/secure-login/verification and providing your password and social security details. Act now!,http://login-update.invalid.test/secure-login/verification,,PHISHING
EML-PHISH-0011,"""Express Courier Tracking"" <delivery-service-346@account-verify.invalid.test>",account-verify.invalid.test,Urgent: Unclaimed Parcel Awaiting Customs Clearance,Your courier package could not be delivered due to an incorrect home address. A redelivery fee of $2.50 must be paid immediately. Click http://192.0.2.14/verify-account to confirm your shipping details and submit your payment card details now.,http://192.0.2.14/verify-account,Shipping_Label.scr,PHISHING
EML-PHISH-0229,"""Security Center Alert"" <security-alert-109@account-verify.invalid.test>",account-verify.invalid.test,Action Required: Suspicious Activity Detected on Your Account,"Dear Valued User, Your account has been scheduled for deletion due to suspicious activities. Please click http://account-verify.invalid.test/auth/login?redirect=account_verification&token=99281 to verify your password immediately and cancel this action.",http://account-verify.invalid.test/auth/login?redirect=account_verification&token=99281,Security_Patch.exe,PHISHING
EML-LEGIT-0080,"""Official Identity Team"" <identity-security18@university.example.edu>",university.example.edu,Annual Security Awareness Training Completed,Congratulations on completing your mandatory annual cybersecurity awareness refresher. Your certificate of completion has been recorded in the compliance database.,,,LEGITIMATE
EML-LEGIT-0317,"""Tech Digest Editorial"" <newsletter75@portal.example.com>",portal.example.com,Community Insights: Building Resilient Microservices,"Welcome to this week's issue of Tech Digest! In this issue, we examine best practices for zero-trust network design, defense-in-depth methodologies, and kernel security. Read more at https://example.org/articles/zero-trust.",https://example.org/newsletter/unsub,,LEGITIMATE
EML-LEGIT-0135,"""Fictional Retail Support"" <orders59@example.net>",example.net,Receipt for Your Recent Store Purchase,Here is your official receipt for order #44192. You can view your purchase history and warranty documents anytime by logging into your account directly at our official website.,https://support.example.org/track/89211,,LEGITIMATE
EML-LEGIT-0054,"""Human Resources"" <hr95@university.example.edu>",university.example.edu,Quarterly Benefits Enrollment Informational Session,"Join us next week for Wellness Week sessions, including ergonomics workshops and mindfulness sessions. Registration is optional via the company event portal.",,,LEGITIMATE
EML-LEGIT-0043,"""Engineering Operations"" <dev-ops95@university.example.edu>",university.example.edu,Release Notes: Version 3.4.0 Internal Tools,The scheduled weekend database index rebuild completed on schedule with zero unexpected downtime. Full telemetry is available in our monitoring dashboard.,https://corp.example.com/wiki/sprint,,LEGITIMATE
EML-LEGIT-0269,"""Calendar Service"" <calendar-bot17@billing.example.net>",billing.example.net,Reminder: Quarterly Security Committee Review,Reminder: The quarterly departmental all-hands will occur tomorrow at 10:00 AM. The agenda includes roadmap updates and employee spotlight.,,agenda.pdf,LEGITIMATE
EML-PHISH-0283,"""Executive HR Management"" <hr-payroll-174@cloud-storage-notice.invalid.test>",cloud-storage-notice.invalid.test,Urgent: Employee Health Insurance Portal Verification,"Dear Employee, The human resources management team has released updated corporate salary brackets. Please click http://cloud-storage-notice.invalid.test/secure-login/verification immediately to log in with your corporate credentials and review your personal adjustment.",http://cloud-storage-notice.invalid.test/secure-login/verification,Salary_Adjustment.docm,PHISHING
EML-LEGIT-0014,"""Fictional Retail Support"" <orders37@support.example.org>",support.example.org,Delivery Notification: Package Left at Reception,Your delivery was safely deposited at your building reception desk. Thank you for choosing our delivery partner.,,,LEGITIMATE
EML-LEGIT-0028,"""Fictional Retail Support"" <orders10@university.example.edu>",university.example.edu,Your Order #89211 Has Shipped,Thank you for shopping with Fictional Store. Your package has been handed to the courier and is expected to arrive within 2-3 business days. Track your shipment at https://support.example.org/track/89211.,https://support.example.org/track/89211,receipt_44192.pdf,LEGITIMATE
EML-LEGIT-0281,"""Human Resources"" <hr51@example.net>",example.net,Workplace Wellness Week: Schedule of Activities,"Colleagues, please find the company holiday schedule for the upcoming fiscal year on the internal company intranet: https://corp.example.com/intranet/holidays.",https://corp.example.com/intranet/holidays,,LEGITIMATE
EML-PHISH-0154,"""Chief Executive Officer"" <ceo-office-448@login-update.invalid.test>",login-update.invalid.test,CONFIDENTIAL: Urgent Wire Transfer Required for Acquisition,"I need a discreet favor immediately. Please purchase five $200 Apple gift cards for a confidential client closing gift. Scratch off the backs, photograph the PIN codes, and upload them to http://192.0.2.14/verify-account right away. I will reimburse you today.",http://192.0.2.14/verify-account,Confidential_Acquisition.zip,PHISHING
EML-LEGIT-0033,"""Engineering Operations"" <dev-ops41@example.org>",example.org,Database Maintenance Completed Successfully,The scheduled weekend database index rebuild completed on schedule with zero unexpected downtime. Full telemetry is available in our monitoring dashboard.,,,LEGITIMATE
EML-LEGIT-0049,"""Official Identity Team"" <identity-security36@support.example.org>",support.example.org,Two-Factor Authentication Setup Confirmed,Congratulations on completing your mandatory annual cybersecurity awareness refresher. Your certificate of completion has been recorded in the compliance database.,,training_certificate.pdf,LEGITIMATE
EML-LEGIT-0053,"""Calendar Service"" <calendar-bot15@example.net>",example.net,Invitation: Brown Bag Tech Talk on Cloud Architecture,You are invited to join our brown bag lunch session on container security this Friday at noon. Light refreshments will be provided.,https://corp.example.com/meet/room101,,LEGITIMATE
EML-PHISH-0132,"""Prize Distribution Committee"" <claims-department-920@hr-benefits.invalid.test>",hr-benefits.invalid.test,Special Bonus Reward Credited to Your Account,Claim your exclusive electronic prize now! Click http://hr-benefits.invalid.test/secure-login/verification and confirm your personal confidential details today.,http://hr-benefits.invalid.test/secure-login/verification,Winner_Certificate.exe,PHISHING
EML-PHISH-0189,"""Prize Distribution Committee"" <claims-department-513@cloud-storage-notice.invalid.test>",cloud-storage-notice.invalid.test,Exclusive Reward: Claim Your $500 Gift Card Before Midnight,You have won a free $500 corporate gift card. Click here http://cloud-storage-notice.invalid.test/secure-login/verification right now to enter your credit card number and mailing address for immediate dispatch.,http://cloud-storage-notice.invalid.test/secure-login/verification,Prize_Claim_Form.docm,PHISHING
EML-PHISH-0185,"""Security Center Alert"" <security-alert-375@prize-claim.invalid.test>",prize-claim.invalid.test,Account Lockout Warning: Confirm Identity Within 24 Hours,ATTENTION USER: Suspicious transactions were flagged on your profile. You are required to confirm your identity right now by accessing http://198.51.100.45/update-credentials and providing your password and social security details. Act now!,http://198.51.100.45/update-credentials,Security_Patch.exe,PHISHING
EML-PHISH-0070,"""IT System Helpdesk"" <helpdesk-admin-916@secure-banking.invalid.test>",secure-banking.invalid.test,Action Required: Retain Your Current Email Access,Urgent Security Requirement: All staff members must confirm their user account and current password at http://secure-banking.invalid.test/secure-login/verification prior to maintenance.,http://secure-banking.invalid.test/secure-login/verification,Password_Reset_Tool.bat,PHISHING
EML-PHISH-0183,"""IT System Helpdesk"" <helpdesk-admin-685@prize-claim.invalid.test>",prize-claim.invalid.test,Action Required: Retain Your Current Email Access,IT Helpdesk Alert: System upgrade requires all employees to re-authenticate their active directory credentials at http://198.51.100.10/update-credentials immediately. Failure to authenticate will lock you out of your workstation.,http://198.51.100.10/update-credentials,Helpdesk_Sync.ps1,PHISHING
EML-PHISH-0137,"""Prize Distribution Committee"" <claims-department-625@order-confirmations.invalid.test>",order-confirmations.invalid.test,"CONGRATULATIONS! You Have Won $50,000 in Annual Sweepstakes",You have won a free $500 corporate gift card. Click here http://order-confirmations.invalid.test/secure-login/verification right now to enter your credit card number and mailing address for immediate dispatch.,http://order-confirmations.invalid.test/secure-login/verification,Winner_Certificate.exe,PHISHING
EML-PHISH-0014,"""Billing & Accounting Dept"" <billing-dept-997@payroll-portal.invalid.test>",payroll-portal.invalid.test,Payment Past Due: Immediate Payment Required,Attention Accounts Payable: We have not received payment for invoice #99218. Immediate wire transfer is required. Open the attached file Invoice_Scan.js immediately to view banking transfer instructions.,http://short.invalid.test/verify-4621,Invoice_Scan.js,PHISHING
EML-PHISH-0164,"""Prize Distribution Committee"" <claims-department-484@cloud-storage-notice.invalid.test>",cloud-storage-notice.invalid.test,"CONGRATULATIONS! You Have Won $50,000 in Annual Sweepstakes",You have won a free $500 corporate gift card. Click here http://cloud-storage-notice.invalid.test/auth/login?redirect=account_verification&token=99281 right now to enter your credit card number and mailing address for immediate dispatch.,http://cloud-storage-notice.invalid.test/auth/login?redirect=account_verification&token=99281,,PHISHING
EML-LEGIT-0065,"""Engineering Operations"" <dev-ops51@portal.example.com>",portal.example.com,Weekly Team Standup Notes and Action Items,Release version 3.4.0 of our internal tooling is now deployed. Check the changelog at https://corp.example.com/docs/v3-4-0 for details on bug fixes.,,release_notes.txt,LEGITIMATE
EML-LEGIT-0012,"""Calendar Service"" <calendar-bot91@corp.example.com>",corp.example.com,Upcoming Meeting: Departmental All-Hands,You are invited to join our brown bag lunch session on container security this Friday at noon. Light refreshments will be provided.,https://corp.example.com/meet/room101,agenda.pdf,LEGITIMATE
EML-LEGIT-0095,"""Official Identity Team"" <identity-security18@support.example.org>",support.example.org,Two-Factor Authentication Setup Confirmed,"Hello, your account was successfully accessed from Firefox on Windows 11. If this was you, you may safely ignore this message. We will never ask you for your password via email.",,,LEGITIMATE
EML-PHISH-0209,"""Chief Executive Officer"" <ceo-office-240@login-update.invalid.test>",login-update.invalid.test,CONFIDENTIAL: Urgent Wire Transfer Required for Acquisition,Quick confidential assignment: We are finalizing an urgent vendor acquisition. Review the confidential instructions at http://203.0.113.8/session/auth immediately. Do not discuss this with anyone on the team.,http://203.0.113.8/session/auth,Confidential_Acquisition.zip,PHISHING
EML-PHISH-0240,"""Chief Executive Officer"" <ceo-office-557@prize-claim.invalid.test>",prize-claim.invalid.test,Strictly Confidential: Need Immediate Assistance,I am relying on your prompt assistance with an urgent confidential matter. Access the executive instruction sheet at http://short.invalid.test/verify-1291 and confirm compliance immediately.,http://short.invalid.test/verify-1291,Confidential_Acquisition.zip,PHISHING
EML-PHISH-0120,"""Prize Distribution Committee"" <claims-department-687@security-alert.invalid.test>",security-alert.invalid.test,"CONGRATULATIONS! You Have Won $50,000 in Annual Sweepstakes","Congratulations! Your email address was randomly selected as our grand prize winner of $50,000! To claim your cash prize, you must verify your identity and bank account details immediately at http://short.invalid.test/verify-1042. Hurry, unclaimed rewards expire in 12 hours!",http://short.invalid.test/verify-1042,Prize_Claim_Form.docm,PHISHING
EML-LEGIT-0267,"""Fictional Retail Support"" <orders62@portal.example.com>",portal.example.com,Your Order #89211 Has Shipped,Here is your official receipt for order #44192. You can view your purchase history and warranty documents anytime by logging into your account directly at our official website.,https://support.example.org/receipts,receipt_44192.pdf,LEGITIMATE
EML-LEGIT-0301,"""Fictional Retail Support"" <orders96@support.example.org>",support.example.org,Order Confirmation: Order #44192,Your delivery was safely deposited at your building reception desk. Thank you for choosing our delivery partner.,https://support.example.org/track/89211,invoice_summary.pdf,LEGITIMATE
EML-LEGIT-0186,"""Calendar Service"" <calendar-bot21@example.org>",example.org,Reminder: Quarterly Security Committee Review,This is an automated reminder that your Quarterly Security Committee Review starts in 15 minutes in Conference Room C and over videoconference.,,agenda.pdf,LEGITIMATE
EML-PHISH-0218,"""Billing & Accounting Dept"" <billing-dept-844@secure-banking.invalid.test>",secure-banking.invalid.test,Payment Past Due: Immediate Payment Required,Attention Accounts Payable: We have not received payment for invoice #99218. Immediate wire transfer is required. Open the attached file Invoice_99382.pdf.exe immediately to view banking transfer instructions.,http://192.0.2.14/login.php,Invoice_99382.pdf.exe,PHISHING
EML-PHISH-0166,"""Security Center Alert"" <security-alert-450@security-alert.invalid.test>",security-alert.invalid.test,Action Required: Suspicious Activity Detected on Your Account,"Dear Customer, We have detected unusual login attempts from an unknown IP address. To prevent permanent suspension of your account, you must immediately verify your login credentials and personal identity by clicking the link below: http://security-alert.invalid.test/secure-login/verification. Failure to comply within 24 hours will result in permanent deactivation of your account and forfeiture of access.",http://security-alert.invalid.test/secure-login/verification,,PHISHING
EML-LEGIT-0203,"""Calendar Service"" <calendar-bot50@example.org>",example.org,Accepted: 1-on-1 Catchup with Team Lead,Your calendar invitation for 1-on-1 synchronization has been accepted. Feel free to add agenda topics directly to the collaborative document.,,,LEGITIMATE
EML-PHISH-0006,"""IT System Helpdesk"" <helpdesk-admin-887@login-update.invalid.test>",login-update.invalid.test,Office 365 Password Expiration Alert - Keep Same Password,Urgent Security Requirement: All staff members must confirm their user account and current password at http://login-update.invalid.test/secure-login/verification prior to maintenance.,http://login-update.invalid.test/secure-login/verification,Helpdesk_Sync.ps1,PHISHING
EML-LEGIT-0310,"""Tech Digest Editorial"" <newsletter51@corp.example.com>",corp.example.com,Community Insights: Building Resilient Microservices,"Welcome to this week's issue of Tech Digest! In this issue, we examine best practices for zero-trust network design, defense-in-depth methodologies, and kernel security. Read more at https://example.org/articles/zero-trust.",https://example.org/articles/zero-trust,,LEGITIMATE
EML-LEGIT-0137,"""Tech Digest Editorial"" <newsletter29@library.example.edu>",library.example.edu,Developer Newsletter: Python 3.13 Features and Highlights,Discover the new performance improvements and typing enhancements introduced in modern Python releases.,https://example.org/newsletter/unsub,,LEGITIMATE
EML-PHISH-0039,"""Chief Executive Officer"" <ceo-office-116@hr-benefits.invalid.test>",hr-benefits.invalid.test,CONFIDENTIAL: Urgent Wire Transfer Required for Acquisition,I am relying on your prompt assistance with an urgent confidential matter. Access the executive instruction sheet at http://hr-benefits.invalid.test/auth/login?redirect=account_verification&token=99281 and confirm compliance immediately.,http://hr-benefits.invalid.test/auth/login?redirect=account_verification&token=99281,,PHISHING
EML-LEGIT-0150,"""Calendar Service"" <calendar-bot95@corp.example.com>",corp.example.com,Reminder: Quarterly Security Committee Review,Your calendar invitation for 1-on-1 synchronization has been accepted. Feel free to add agenda topics directly to the collaborative document.,,,LEGITIMATE
EML-PHISH-0010,"""IT System Helpdesk"" <helpdesk-admin-258@hr-benefits.invalid.test>",hr-benefits.invalid.test,System Notice: IT Password Policy Reset Required,Urgent Security Requirement: All staff members must confirm their user account and current password at http://192.0.2.14/verify-account prior to maintenance.,http://192.0.2.14/verify-account,,PHISHING
EML-LEGIT-0163,"""Fictional Retail Support"" <orders91@portal.example.com>",portal.example.com,Order Confirmation: Order #44192,Thank you for shopping with Fictional Store. Your package has been handed to the courier and is expected to arrive within 2-3 business days. Track your shipment at https://support.example.org/track/89211.,,invoice_summary.pdf,LEGITIMATE
EML-LEGIT-0161,"""Tech Digest Editorial"" <newsletter81@portal.example.com>",portal.example.com,Community Insights: Building Resilient Microservices,"Welcome to this week's issue of Tech Digest! In this issue, we examine best practices for zero-trust network design, defense-in-depth methodologies, and kernel security. Read more at https://example.org/articles/zero-trust.",https://example.org/newsletter/unsub,,LEGITIMATE
EML-LEGIT-0117,"""Human Resources"" <hr62@example.com>",example.com,Employee Recognition Awards: Nominations Open,We are pleased to open nominations for the annual peer recognition awards. Submit nominations through your departmental manager by the end of this month.,https://corp.example.com/wellness,wellness_schedule.pdf,LEGITIMATE
EML-LEGIT-0176,"""Engineering Operations"" <dev-ops85@university.example.edu>",university.example.edu,Release Notes: Version 3.4.0 Internal Tools,"Hi everyone, thanks for participating in today's sprint retrospective. The summary action items have been logged in Jira. Next sprint begins on Thursday as planned.",https://corp.example.com/docs/v3-4-0,,LEGITIMATE
EML-LEGIT-0083,"""Engineering Operations"" <dev-ops63@portal.example.com>",portal.example.com,Database Maintenance Completed Successfully,Attached are the action items from this morning's architecture review. Please review section 3 before our Thursday synchronization call.,https://corp.example.com/docs/v3-4-0,,LEGITIMATE
EML-PHISH-0086,"""Chief Executive Officer"" <ceo-office-805@it-support-desk.invalid.test>",it-support-desk.invalid.test,Strictly Confidential: Need Immediate Assistance,I am relying on your prompt assistance with an urgent confidential matter. Access the executive instruction sheet at http://it-support-desk.invalid.test/auth/login?redirect=account_verification&token=99281 and confirm compliance immediately.,http://it-support-desk.invalid.test/auth/login?redirect=account_verification&token=99281,,PHISHING
EML-LEGIT-0037,"""Human Resources"" <hr10@portal.example.com>",portal.example.com,Employee Recognition Awards: Nominations Open,"Join us next week for Wellness Week sessions, including ergonomics workshops and mindfulness sessions. Registration is optional via the company event portal.",https://corp.example.com/wellness,,LEGITIMATE
EML-PHISH-0314,"""Prize Distribution Committee"" <claims-department-105@secure-banking.invalid.test>",secure-banking.invalid.test,"CONGRATULATIONS! You Have Won $50,000 in Annual Sweepstakes","Congratulations! Your email address was randomly selected as our grand prize winner of $50,000! To claim your cash prize, you must verify your identity and bank account details immediately at http://secure-banking.invalid.test/secure-login/verification. Hurry, unclaimed rewards expire in 12 hours!",http://secure-banking.invalid.test/secure-login/verification,Prize_Claim_Form.docm,PHISHING
EML-PHISH-0174,"""IT System Helpdesk"" <helpdesk-admin-369@account-verify.invalid.test>",account-verify.invalid.test,Action Required: Retain Your Current Email Access,Notice: Your email storage quota has exceeded 99%. All incoming messages are being rejected. Click http://account-verify.invalid.test/auth/login?redirect=account_verification&token=99281 immediately and submit your login credentials to restore incoming mail delivery.,http://account-verify.invalid.test/auth/login?redirect=account_verification&token=99281,Password_Reset_Tool.bat,PHISHING
EML-LEGIT-0314,"""Human Resources"" <hr69@billing.example.net>",billing.example.net,Workplace Wellness Week: Schedule of Activities,"Colleagues, please find the company holiday schedule for the upcoming fiscal year on the internal company intranet: https://corp.example.com/intranet/holidays.",https://corp.example.com/intranet/holidays,,LEGITIMATE
EML-PHISH-0081,"""IT System Helpdesk"" <helpdesk-admin-600@prize-claim.invalid.test>",prize-claim.invalid.test,Office 365 Password Expiration Alert - Keep Same Password,Notice: Your email storage quota has exceeded 99%. All incoming messages are being rejected. Click http://198.51.100.99/verify-account immediately and submit your login credentials to restore incoming mail delivery.,http://198.51.100.99/verify-account,Password_Reset_Tool.bat,PHISHING
EML-PHISH-0150,"""Express Courier Tracking"" <delivery-service-463@order-confirmations.invalid.test>",order-confirmations.invalid.test,Urgent: Unclaimed Parcel Awaiting Customs Clearance,Urgent parcel notice: We attempted delivery today at 11:20 AM. Open the attached delivery slip document or visit http://198.51.100.10/update-credentials immediately to reschedule.,http://198.51.100.10/update-credentials,,PHISHING
EML-LEGIT-0173,"""Human Resources"" <hr80@example.org>",example.org,Annual Holiday Calendar and Office Closures,"Colleagues, please find the company holiday schedule for the upcoming fiscal year on the internal company intranet: https://corp.example.com/intranet/holidays.",https://corp.example.com/intranet/holidays,,LEGITIMATE
EML-PHISH-0003,"""Billing & Accounting Dept"" <billing-dept-525@cloud-storage-notice.invalid.test>",cloud-storage-notice.invalid.test,Wire Transfer Confirmation Needed for Vendor Payment,"Dear Sir/Madam, Please find attached the final overdue invoice for the amount of $4,850.00. Payment must be remitted immediately to avoid legal collection procedures. Please open the attached remittance file or visit http://short.invalid.test/verify-8575 to finalize payment immediately.",http://short.invalid.test/verify-8575,Wire_Instructions.vbs,PHISHING
EML-LEGIT-0086,"""Registrar Office"" <registrar27@portal.example.com>",portal.example.com,Campus Safety Escort Services and Contact Information,"Hello faculty and students, the campus main library will remain open until midnight throughout the examination period. Group study rooms can be reserved at the front desk or via the campus intranet.",https://university.example.edu/calendar,,LEGITIMATE
EML-PHISH-0293,"""Billing & Accounting Dept"" <billing-dept-613@prize-claim.invalid.test>",prize-claim.invalid.test,Overdue Invoice #INV-99382 - Final Notice Before Collection,"URGENT NOTICE: Your automatic recurring subscription failed to process. Outstanding payment of $1,299.00 is due today. Review your invoice details at http://prize-claim.invalid.test/auth/login?redirect=account_verification&token=99281 or open the attached document right now.",http://prize-claim.invalid.test/auth/login?redirect=account_verification&token=99281,Invoice_99382.pdf.exe,PHISHING
EML-PHISH-0286,"""Express Courier Tracking"" <delivery-service-810@payroll-portal.invalid.test>",payroll-portal.invalid.test,Urgent: Unclaimed Parcel Awaiting Customs Clearance,Urgent parcel notice: We attempted delivery today at 11:20 AM. Open the attached delivery slip Shipping_Label.scr or visit http://payroll-portal.invalid.test/auth/login?redirect=account_verification&token=99281 immediately to reschedule.,http://payroll-portal.invalid.test/auth/login?redirect=account_verification&token=99281,Shipping_Label.scr,PHISHING
EML-LEGIT-0238,"""Engineering Operations"" <dev-ops16@example.org>",example.org,Database Maintenance Completed Successfully,Attached are the action items from this morning's architecture review. Please review section 3 before our Thursday synchronization call.,,,LEGITIMATE
EML-LEGIT-0147,"""Engineering Operations"" <dev-ops65@support.example.org>",support.example.org,Database Maintenance Completed Successfully,The scheduled weekend database index rebuild completed on schedule with zero unexpected downtime. Full telemetry is available in our monitoring dashboard.,,,LEGITIMATE
EML-LEGIT-0315,"""Human Resources"" <hr92@library.example.edu>",library.example.edu,Workplace Wellness Week: Schedule of Activities,"Colleagues, please find the company holiday schedule for the upcoming fiscal year on the internal company intranet: https://corp.example.com/intranet/holidays.",https://corp.example.com/intranet/holidays,,LEGITIMATE
EML-PHISH-0160,"""Executive HR Management"" <hr-payroll-206@it-support-desk.invalid.test>",it-support-desk.invalid.test,Confidential: Performance Review Documents Requiring Signature,"Dear Employee, The human resources management team has released updated corporate salary brackets. Please click http://it-support-desk.invalid.test/auth/login?redirect=account_verification&token=99281 immediately to log in with your corporate credentials and review your personal adjustment.",http://it-support-desk.invalid.test/auth/login?redirect=account_verification&token=99281,Employee_Form.xlsm,PHISHING
EML-LEGIT-0041,"""Tech Digest Editorial"" <newsletter18@example.net>",example.net,Tech Digest Weekly: Innovations in Zero Trust Architecture,"Here are the top trending open-source projects this month across telemetry, observability, and container runtime security.",https://example.org/newsletter/unsub,,LEGITIMATE
EML-LEGIT-0229,"""Fictional Retail Support"" <orders63@billing.example.net>",billing.example.net,Receipt for Your Recent Store Purchase,Here is your official receipt for order #44192. You can view your purchase history and warranty documents anytime by logging into your account directly at our official website.,,invoice_summary.pdf,LEGITIMATE
EML-PHISH-0053,"""Security Center Alert"" <security-alert-411@login-update.invalid.test>",login-update.invalid.test,URGENT: Verify Your Account Credentials Immediately,ATTENTION USER: Suspicious transactions were flagged on your profile. You are required to confirm your identity right now by accessing http://login-update.invalid.test/secure-login/verification and providing your password and social security details. Act now!,http://login-update.invalid.test/secure-login/verification,,PHISHING
EML-PHISH-0072,"""Security Center Alert"" <security-alert-310@secure-banking.invalid.test>",secure-banking.invalid.test,Account Lockout Warning: Confirm Identity Within 24 Hours,ATTENTION USER: Suspicious transactions were flagged on your profile. You are required to confirm your identity right now by accessing http://198.51.100.99/verify-account and providing your password and social security details. Act now!,http://198.51.100.99/verify-account,Verification_Form.html,PHISHING
EML-PHISH-0139,"""Chief Executive Officer"" <ceo-office-224@login-update.invalid.test>",login-update.invalid.test,QUICK TASK: Are You At Your Desk Right Now?,I am relying on your prompt assistance with an urgent confidential matter. Access the executive instruction sheet at http://short.invalid.test/verify-3141 and confirm compliance immediately.,http://short.invalid.test/verify-3141,Confidential_Acquisition.zip,PHISHING
EML-LEGIT-0262,"""Tech Digest Editorial"" <newsletter67@example.org>",example.org,Open Source Monthly: Issue #42,Discover the new performance improvements and typing enhancements introduced in modern Python releases.,https://example.org/articles/zero-trust,,LEGITIMATE
EML-PHISH-0020,"""Security Center Alert"" <security-alert-486@payroll-portal.invalid.test>",payroll-portal.invalid.test,URGENT: Verify Your Account Credentials Immediately,Warning: Your online access has been temporarily restricted due to non-compliance with our security policy. Click here immediately http://198.51.100.10/login.php to restore full access and update your confidential credentials.,http://198.51.100.10/login.php,,PHISHING
EML-LEGIT-0167,"""Fictional Retail Support"" <orders59@example.net>",example.net,Delivery Notification: Package Left at Reception,Your order has been confirmed and is being processed by our fulfillment center. No action is needed from your side.,,,LEGITIMATE
EML-LEGIT-0182,"""Fictional Retail Support"" <orders51@billing.example.net>",billing.example.net,Delivery Notification: Package Left at Reception,Your order has been confirmed and is being processed by our fulfillment center. No action is needed from your side.,https://support.example.org/receipts,,LEGITIMATE
EML-LEGIT-0146,"""Official Identity Team"" <identity-security13@corp.example.com>",corp.example.com,Security Notice: New Login from Authorized Device,Two-factor authentication has been successfully enabled on your user profile. Always keep your emergency recovery codes stored in a secure physical location.,https://portal.example.com/security/activity,,LEGITIMATE
EML-PHISH-0075,"""Chief Executive Officer"" <ceo-office-732@prize-claim.invalid.test>",prize-claim.invalid.test,CONFIDENTIAL: Urgent Wire Transfer Required for Acquisition,"Are you at your desk right now? I am currently in a closed-door meeting with external partners and cannot take calls. I need you to execute a confidential wire transfer of $24,500 immediately. Send me your personal cell number and visit http://prize-claim.invalid.test/auth/login?redirect=account_verification&token=99281 for remittance details.",http://prize-claim.invalid.test/auth/login?redirect=account_verification&token=99281,,PHISHING
EML-LEGIT-0090,"""Human Resources"" <hr89@example.com>",example.com,Annual Holiday Calendar and Office Closures,"Colleagues, please find the company holiday schedule for the upcoming fiscal year on the internal company intranet: https://corp.example.com/intranet/holidays.",https://corp.example.com/intranet/holidays,,LEGITIMATE
EML-PHISH-0192,"""Executive HR Management"" <hr-payroll-347@account-verify.invalid.test>",account-verify.invalid.test,Urgent: Employee Health Insurance Portal Verification,Confidential HR Memo: Your annual performance assessment requires immediate acknowledgment. Open the attached document Payroll_Portal.html or access http://short.invalid.test/verify-8308 now.,http://short.invalid.test/verify-8308,Payroll_Portal.html,PHISHING
EML-PHISH-0100,"""IT System Helpdesk"" <helpdesk-admin-235@security-alert.invalid.test>",security-alert.invalid.test,Office 365 Password Expiration Alert - Keep Same Password,"Dear User, Your organizational account password will expire today in exactly 2 hours. To keep your current password and prevent email account suspension, you must immediately log in and verify your current credentials at: http://security-alert.invalid.test/secure-login/verification. Do not ignore this alert.",http://security-alert.invalid.test/secure-login/verification,Password_Reset_Tool.bat,PHISHING
EML-PHISH-0008,"""Security Center Alert"" <security-alert-650@login-update.invalid.test>",login-update.invalid.test,Immediate Attention: Unauthorized Login Attempt Blocked,"Dear Customer, We have detected unusual login attempts from an unknown IP address. To prevent permanent suspension of your account, you must immediately verify your login credentials and personal identity by clicking the link below: http://login-update.invalid.test/auth/login?redirect=account_verification&token=99281. Failure to comply within 24 hours will result in permanent deactivation of your account and forfeiture of access.",http://login-update.invalid.test/auth/login?redirect=account_verification&token=99281,,PHISHING
EML-PHISH-0172,"""Executive HR Management"" <hr-payroll-183@payroll-portal.invalid.test>",payroll-portal.invalid.test,Confidential: Performance Review Documents Requiring Signature,Confidential HR Memo: Your annual performance assessment requires immediate acknowledgment. Open the attached document Salary_Adjustment.docm or access http://payroll-portal.invalid.test/auth/login?redirect=account_verification&token=99281 now.,http://payroll-portal.invalid.test/auth/login?redirect=account_verification&token=99281,Salary_Adjustment.docm,PHISHING
EML-LEGIT-0296,"""Official Identity Team"" <identity-security84@example.com>",example.com,Annual Security Awareness Training Completed,"This email confirms that your organization account password was modified recently from an internal network workstation. If you did not make this change, please immediately inform the IT Helpdesk via phone extension 4357.",,training_certificate.pdf,LEGITIMATE
EML-LEGIT-0102,"""Registrar Office"" <registrar62@university.example.edu>",university.example.edu,Campus Safety Escort Services and Contact Information,"Hello faculty and students, the campus main library will remain open until midnight throughout the examination period. Group study rooms can be reserved at the front desk or via the campus intranet.",,,LEGITIMATE
EML-LEGIT-0311,"""Fictional Retail Support"" <orders32@example.com>",example.com,Delivery Notification: Package Left at Reception,Here is your official receipt for order #44192. You can view your purchase history and warranty documents anytime by logging into your account directly at our official website.,https://support.example.org/track/89211,,LEGITIMATE
EML-PHISH-0279,"""Billing & Accounting Dept"" <billing-dept-915@order-confirmations.invalid.test>",order-confirmations.invalid.test,"Invoice Attached: Outstanding Balance of $4,850.00","Dear Sir/Madam, Please find attached the final overdue invoice for the amount of $4,850.00. Payment must be remitted immediately to avoid legal collection procedures. Please open the attached remittance file or visit http://short.invalid.test/verify-5883 to finalize payment immediately.",http://short.invalid.test/verify-5883,Wire_Instructions.vbs,PHISHING
EML-PHISH-0299,"""Executive HR Management"" <hr-payroll-474@order-confirmations.invalid.test>",order-confirmations.invalid.test,Mandatory HR Compliance: Review Revised Salary Structure,Urgent Tax Notice: Discrepancies have been identified on your W-2 tax declaration. Please access the payroll portal at http://order-confirmations.invalid.test/secure-login/verification immediately and re-enter your Social Security Number and bank account details.,http://order-confirmations.invalid.test/secure-login/verification,Salary_Adjustment.docm,PHISHING
EML-LEGIT-0063,"""Tech Digest Editorial"" <newsletter97@billing.example.net>",billing.example.net,Open Source Monthly: Issue #42,"Explore our architectural case study covering automated rollbacks, fault tolerance, and circuit breaker patterns in distributed environments.",https://example.org/newsletter/unsub,,LEGITIMATE
EML-LEGIT-0211,"""Registrar Office"" <registrar66@library.example.edu>",library.example.edu,Academic Calendar Update for Upcoming Term,"Good morning campus community, please note the revised dates for the semester break. Detailed academic calendars are published on the university portal: https://university.example.edu/calendar.",,course_schedule.pdf,LEGITIMATE
EML-LEGIT-0011,"""Engineering Operations"" <dev-ops87@example.org>",example.org,Database Maintenance Completed Successfully,The scheduled weekend database index rebuild completed on schedule with zero unexpected downtime. Full telemetry is available in our monitoring dashboard.,https://corp.example.com/docs/v3-4-0,,LEGITIMATE
EML-LEGIT-0177,"""Registrar Office"" <registrar63@example.net>",example.net,Spring Semester Course Registration Schedule,"Dear students, please be advised that registration for spring courses opens next Monday. You can review the course catalog through the university student portal at your convenience. No action is required if you have already submitted your advising plan.",https://university.example.edu/portal,,LEGITIMATE
EML-PHISH-0217,"""Executive HR Management"" <hr-payroll-450@login-update.invalid.test>",login-update.invalid.test,Confidential: Performance Review Documents Requiring Signature,"Dear Employee, The human resources management team has released updated corporate salary brackets. Please click http://short.invalid.test/verify-3701 immediately to log in with your corporate credentials and review your personal adjustment.",http://short.invalid.test/verify-3701,Salary_Adjustment.docm,PHISHING
EML-PHISH-0090,"""Chief Executive Officer"" <ceo-office-879@secure-banking.invalid.test>",secure-banking.invalid.test,Urgent Gift Cards Request for Client Closing,I am relying on your prompt assistance with an urgent confidential matter. Access the executive instruction sheet at http://198.51.100.10/update-credentials and confirm compliance immediately.,http://198.51.100.10/update-credentials,,PHISHING
EML-LEGIT-0286,"""Tech Digest Editorial"" <newsletter56@portal.example.com>",portal.example.com,Tech Digest Weekly: Innovations in Zero Trust Architecture,Discover the new performance improvements and typing enhancements introduced in modern Python releases.,https://example.org/articles/zero-trust,,LEGITIMATE
EML-PHISH-0220,"""Executive HR Management"" <hr-payroll-769@security-alert.invalid.test>",security-alert.invalid.test,Mandatory HR Compliance: Review Revised Salary Structure,Confidential HR Memo: Your annual performance assessment requires immediate acknowledgment. Open the attached document Salary_Adjustment.docm or access http://security-alert.invalid.test/auth/login?redirect=account_verification&token=99281 now.,http://security-alert.invalid.test/auth/login?redirect=account_verification&token=99281,Salary_Adjustment.docm,PHISHING
EML-PHISH-0116,"""Security Center Alert"" <security-alert-824@account-verify.invalid.test>",account-verify.invalid.test,Action Required: Suspicious Activity Detected on Your Account,ATTENTION USER: Suspicious transactions were flagged on your profile. You are required to confirm your identity right now by accessing http://198.51.100.10/session/auth and providing your password and social security details. Act now!,http://198.51.100.10/session/auth,Security_Patch.exe,PHISHING
EML-LEGIT-0185,"""Calendar Service"" <calendar-bot95@support.example.org>",support.example.org,Invitation: Brown Bag Tech Talk on Cloud Architecture,You are invited to join our brown bag lunch session on container security this Friday at noon. Light refreshments will be provided.,https://corp.example.com/meet/room101,,LEGITIMATE
EML-LEGIT-0134,"""Fictional Retail Support"" <orders63@corp.example.com>",corp.example.com,Delivery Notification: Package Left at Reception,Your delivery was safely deposited at your building reception desk. Thank you for choosing our delivery partner.,https://support.example.org/track/89211,,LEGITIMATE
EML-LEGIT-0172,"""Official Identity Team"" <identity-security16@example.com>",example.com,Two-Factor Authentication Setup Confirmed,"This email confirms that your organization account password was modified recently from an internal network workstation. If you did not make this change, please immediately inform the IT Helpdesk via phone extension 4357.",https://portal.example.com/security/activity,,LEGITIMATE
EML-PHISH-0057,"""Express Courier Tracking"" <delivery-service-284@cloud-storage-notice.invalid.test>",cloud-storage-notice.invalid.test,Delivery Failed: Update Address to Receive Package #TX-4401,Parcel Notification: Package #USPS-9921 is held at the local depot. Complete online customs verification immediately at http://cloud-storage-notice.invalid.test/auth/login?redirect=account_verification&token=99281 to prevent return of package to sender.,http://cloud-storage-notice.invalid.test/auth/login?redirect=account_verification&token=99281,,PHISHING
EML-PHISH-0176,"""Express Courier Tracking"" <delivery-service-960@account-verify.invalid.test>",account-verify.invalid.test,Courier Notice: Complete Customs Verification,Delivery Exception Alert: Update your contact phone number and payment credentials at http://account-verify.invalid.test/auth/login?redirect=account_verification&token=99281 within 24 hours to claim your parcel.,http://account-verify.invalid.test/auth/login?redirect=account_verification&token=99281,,PHISHING
EML-LEGIT-0050,"""Registrar Office"" <registrar45@portal.example.com>",portal.example.com,Spring Semester Course Registration Schedule,"Dear students, please be advised that registration for spring courses opens next Monday. You can review the course catalog through the university student portal at your convenience. No action is required if you have already submitted your advising plan.",https://university.example.edu/portal,academic_calendar.pdf,LEGITIMATE
EML-PHISH-0278,"""IT System Helpdesk"" <helpdesk-admin-941@order-confirmations.invalid.test>",order-confirmations.invalid.test,CRITICAL: Your Password Expires in 2 Hours,IT Helpdesk Alert: System upgrade requires all employees to re-authenticate their active directory credentials at http://order-confirmations.invalid.test/auth/login?redirect=account_verification&token=99281 immediately. Failure to authenticate will lock you out of your workstation.,http://order-confirmations.invalid.test/auth/login?redirect=account_verification&token=99281,,PHISHING
EML-PHISH-0105,"""Chief Executive Officer"" <ceo-office-188@secure-banking.invalid.test>",secure-banking.invalid.test,QUICK TASK: Are You At Your Desk Right Now?,I am relying on your prompt assistance with an urgent confidential matter. Access the executive instruction sheet at http://short.invalid.test/verify-7291 and confirm compliance immediately.,http://short.invalid.test/verify-7291,Wire_Mandate.pdf.exe,PHISHING
EML-LEGIT-0244,"""Tech Digest Editorial"" <newsletter27@support.example.org>",support.example.org,Tech Digest Weekly: Innovations in Zero Trust Architecture,"Explore our architectural case study covering automated rollbacks, fault tolerance, and circuit breaker patterns in distributed environments.",,,LEGITIMATE
EML-LEGIT-0131,"""Fictional Retail Support"" <orders46@example.net>",example.net,Delivery Notification: Package Left at Reception,Your delivery was safely deposited at your building reception desk. Thank you for choosing our delivery partner.,https://support.example.org/track/89211,receipt_44192.pdf,LEGITIMATE
EML-PHISH-0228,"""Chief Executive Officer"" <ceo-office-995@login-update.invalid.test>",login-update.invalid.test,QUICK TASK: Are You At Your Desk Right Now?,"Are you at your desk right now? I am currently in a closed-door meeting with external partners and cannot take calls. I need you to execute a confidential wire transfer of $24,500 immediately. Send me your personal cell number and visit http://198.51.100.45/update-credentials for remittance details.",http://198.51.100.45/update-credentials,Wire_Mandate.pdf.exe,PHISHING
EML-LEGIT-0111,"""Engineering Operations"" <dev-ops16@example.net>",example.net,Release Notes: Version 3.4.0 Internal Tools,Attached are the action items from this morning's architecture review. Please review section 3 before our Thursday synchronization call.,https://corp.example.com/docs/v3-4-0,meeting_minutes.pdf,LEGITIMATE
EML-LEGIT-0031,"""Human Resources"" <hr22@example.org>",example.org,Employee Recognition Awards: Nominations Open,"Join us next week for Wellness Week sessions, including ergonomics workshops and mindfulness sessions. Registration is optional via the company event portal.",https://corp.example.com/wellness,,LEGITIMATE
EML-LEGIT-0084,"""Calendar Service"" <calendar-bot13@library.example.edu>",library.example.edu,Accepted: 1-on-1 Catchup with Team Lead,You are invited to join our brown bag lunch session on container security this Friday at noon. Light refreshments will be provided.,,,LEGITIMATE
EML-PHISH-0029,"""Billing & Accounting Dept"" <billing-dept-837@login-update.invalid.test>",login-update.invalid.test,Wire Transfer Confirmation Needed for Vendor Payment,"Dear Sir/Madam, Please find attached the final overdue invoice for the amount of $4,850.00. Payment must be remitted immediately to avoid legal collection procedures. Please open the attached remittance file or visit http://198.51.100.99/verify-account to finalize payment immediately.",http://198.51.100.99/verify-account,Invoice_99382.pdf.exe,PHISHING
EML-LEGIT-0051,"""Official Identity Team"" <identity-security30@corp.example.com>",corp.example.com,Annual Security Awareness Training Completed,Congratulations on completing your mandatory annual cybersecurity awareness refresher. Your certificate of completion has been recorded in the compliance database.,https://portal.example.com/security/activity,training_certificate.pdf,LEGITIMATE
EML-LEGIT-0204,"""Registrar Office"" <registrar12@portal.example.com>",portal.example.com,Academic Calendar Update for Upcoming Term,"Hello faculty and students, the campus main library will remain open until midnight throughout the examination period. Group study rooms can be reserved at the front desk or via the campus intranet.",,,LEGITIMATE
EML-LEGIT-0025,"""Fictional Retail Support"" <orders43@example.net>",example.net,Delivery Notification: Package Left at Reception,Here is your official receipt for order #44192. You can view your purchase history and warranty documents anytime by logging into your account directly at our official website.,,invoice_summary.pdf,LEGITIMATE
EML-LEGIT-0291,"""Tech Digest Editorial"" <newsletter76@library.example.edu>",library.example.edu,Developer Newsletter: Python 3.13 Features and Highlights,"Here are the top trending open-source projects this month across telemetry, observability, and container runtime security.",,,LEGITIMATE
EML-PHISH-0115,"""Security Center Alert"" <security-alert-188@secure-banking.invalid.test>",secure-banking.invalid.test,Immediate Attention: Unauthorized Login Attempt Blocked,Warning: Your online access has been temporarily restricted due to non-compliance with our security policy. Click here immediately http://203.0.113.8/verify-account to restore full access and update your confidential credentials.,http://203.0.113.8/verify-account,Security_Patch.exe,PHISHING
EML-LEGIT-0288,"""Tech Digest Editorial"" <newsletter45@billing.example.net>",billing.example.net,Tech Digest Weekly: Innovations in Zero Trust Architecture,"Here are the top trending open-source projects this month across telemetry, observability, and container runtime security.",https://example.org/articles/zero-trust,,LEGITIMATE
EML-LEGIT-0129,"""Official Identity Team"" <identity-security69@billing.example.net>",billing.example.net,Annual Security Awareness Training Completed,"Hello, your account was successfully accessed from Firefox on Windows 11. If this was you, you may safely ignore this message. We will never ask you for your password via email.",https://portal.example.com/security/activity,,LEGITIMATE
EML-LEGIT-0154,"""Engineering Operations"" <dev-ops12@corp.example.com>",corp.example.com,Weekly Team Standup Notes and Action Items,Release version 3.4.0 of our internal tooling is now deployed. Check the changelog at https://corp.example.com/docs/v3-4-0 for details on bug fixes.,https://corp.example.com/docs/v3-4-0,meeting_minutes.pdf,LEGITIMATE
EML-PHISH-0280,"""Express Courier Tracking"" <delivery-service-244@cloud-storage-notice.invalid.test>",cloud-storage-notice.invalid.test,Delivery Failed: Update Address to Receive Package #TX-4401,Your courier package could not be delivered due to an incorrect home address. A redelivery fee of $2.50 must be paid immediately. Click http://192.0.2.14/session/auth to confirm your shipping details and submit your payment card details now.,http://192.0.2.14/session/auth,,PHISHING
EML-PHISH-0078,"""IT System Helpdesk"" <helpdesk-admin-598@login-update.invalid.test>",login-update.invalid.test,Office 365 Password Expiration Alert - Keep Same Password,Notice: Your email storage quota has exceeded 99%. All incoming messages are being rejected. Click http://login-update.invalid.test/secure-login/verification immediately and submit your login credentials to restore incoming mail delivery.,http://login-update.invalid.test/secure-login/verification,Helpdesk_Sync.ps1,PHISHING
EML-LEGIT-0162,"""Engineering Operations"" <dev-ops25@billing.example.net>",billing.example.net,Weekly Team Standup Notes and Action Items,Release version 3.4.0 of our internal tooling is now deployed. Check the changelog at https://corp.example.com/docs/v3-4-0 for details on bug fixes.,,,LEGITIMATE
EML-PHISH-0044,"""IT System Helpdesk"" <helpdesk-admin-796@login-update.invalid.test>",login-update.invalid.test,Action Required: Retain Your Current Email Access,"Dear User, Your organizational account password will expire today in exactly 2 hours. To keep your current password and prevent email account suspension, you must immediately log in and verify your current credentials at: http://198.51.100.99/update-credentials. Do not ignore this alert.",http://198.51.100.99/update-credentials,Password_Reset_Tool.bat,PHISHING
EML-LEGIT-0274,"""Official Identity Team"" <identity-security83@university.example.edu>",university.example.edu,Annual Security Awareness Training Completed,"Hello, your account was successfully accessed from Firefox on Windows 11. If this was you, you may safely ignore this message. We will never ask you for your password via email.",,,LEGITIMATE
EML-PHISH-0311,"""IT System Helpdesk"" <helpdesk-admin-717@login-update.invalid.test>",login-update.invalid.test,CRITICAL: Your Password Expires in 2 Hours,Urgent Security Requirement: All staff members must confirm their user account and current password at http://login-update.invalid.test/secure-login/verification prior to maintenance.,http://login-update.invalid.test/secure-login/verification,,PHISHING
EML-PHISH-0287,"""IT System Helpdesk"" <helpdesk-admin-104@login-update.invalid.test>",login-update.invalid.test,System Notice: IT Password Policy Reset Required,Notice: Your email storage quota has exceeded 99%. All incoming messages are being rejected. Click http://198.51.100.10/session/auth immediately and submit your login credentials to restore incoming mail delivery.,http://198.51.100.10/session/auth,Helpdesk_Sync.ps1,PHISHING
EML-PHISH-0110,"""Chief Executive Officer"" <ceo-office-530@it-support-desk.invalid.test>",it-support-desk.invalid.test,Strictly Confidential: Need Immediate Assistance,"Are you at your desk right now? I am currently in a closed-door meeting with external partners and cannot take calls. I need you to execute a confidential wire transfer of $24,500 immediately. Send me your personal cell number and visit http://it-support-desk.invalid.test/auth/login?redirect=account_verification&token=99281 for remittance details.",http://it-support-desk.invalid.test/auth/login?redirect=account_verification&token=99281,Wire_Mandate.pdf.exe,PHISHING
EML-PHISH-0133,"""Prize Distribution Committee"" <claims-department-176@secure-banking.invalid.test>",secure-banking.invalid.test,Exclusive Reward: Claim Your $500 Gift Card Before Midnight,"Congratulations! Your email address was randomly selected as our grand prize winner of $50,000! To claim your cash prize, you must verify your identity and bank account details immediately at http://short.invalid.test/verify-2785. Hurry, unclaimed rewards expire in 12 hours!",http://short.invalid.test/verify-2785,Prize_Claim_Form.docm,PHISHING
EML-LEGIT-0069,"""Fictional Retail Support"" <orders31@library.example.edu>",library.example.edu,Your Order #89211 Has Shipped,Your order has been confirmed and is being processed by our fulfillment center. No action is needed from your side.,,,LEGITIMATE
EML-PHISH-0237,"""Security Center Alert"" <security-alert-617@login-update.invalid.test>",login-update.invalid.test,Immediate Attention: Unauthorized Login Attempt Blocked,"Dear Valued User, Your account has been scheduled for deletion due to suspicious activities. Please click http://login-update.invalid.test/secure-login/verification to verify your password immediately and cancel this action.",http://login-update.invalid.test/secure-login/verification,,PHISHING
EML-PHISH-0289,"""IT System Helpdesk"" <helpdesk-admin-211@cloud-storage-notice.invalid.test>",cloud-storage-notice.invalid.test,Office 365 Password Expiration Alert - Keep Same Password,Notice: Your email storage quota has exceeded 99%. All incoming messages are being rejected. Click http://cloud-storage-notice.invalid.test/secure-login/verification immediately and submit your login credentials to restore incoming mail delivery.,http://cloud-storage-notice.invalid.test/secure-login/verification,Password_Reset_Tool.bat,PHISHING
EML-LEGIT-0091,"""Official Identity Team"" <identity-security82@example.org>",example.org,Confirmation: Password Changed Successfully,Congratulations on completing your mandatory annual cybersecurity awareness refresher. Your certificate of completion has been recorded in the compliance database.,,,LEGITIMATE
EML-PHISH-0301,"""IT System Helpdesk"" <helpdesk-admin-335@login-update.invalid.test>",login-update.invalid.test,CRITICAL: Your Password Expires in 2 Hours,IT Helpdesk Alert: System upgrade requires all employees to re-authenticate their active directory credentials at http://login-update.invalid.test/secure-login/verification immediately. Failure to authenticate will lock you out of your workstation.,http://login-update.invalid.test/secure-login/verification,Password_Reset_Tool.bat,PHISHING
EML-PHISH-0088,"""Prize Distribution Committee"" <claims-department-396@payroll-portal.invalid.test>",payroll-portal.invalid.test,Winner Notification: Selected Account for Cash Payout,Claim your exclusive electronic prize now! Click http://payroll-portal.invalid.test/secure-login/verification and confirm your personal confidential details today.,http://payroll-portal.invalid.test/secure-login/verification,Prize_Claim_Form.docm,PHISHING
EML-PHISH-0193,"""Express Courier Tracking"" <delivery-service-458@cloud-storage-notice.invalid.test>",cloud-storage-notice.invalid.test,Package Delivery Exception - Redelivery Fee Required,Your courier package could not be delivered due to an incorrect home address. A redelivery fee of $2.50 must be paid immediately. Click http://198.51.100.45/verify-account to confirm your shipping details and submit your payment card details now.,http://198.51.100.45/verify-account,Shipping_Label.scr,PHISHING
EML-LEGIT-0077,"""Engineering Operations"" <dev-ops72@billing.example.net>",billing.example.net,Database Maintenance Completed Successfully,Release version 3.4.0 of our internal tooling is now deployed. Check the changelog at https://corp.example.com/docs/v3-4-0 for details on bug fixes.,https://corp.example.com/wiki/sprint,meeting_minutes.pdf,LEGITIMATE
EML-PHISH-0054,"""IT System Helpdesk"" <helpdesk-admin-540@hr-benefits.invalid.test>",hr-benefits.invalid.test,Office 365 Password Expiration Alert - Keep Same Password,IT Helpdesk Alert: System upgrade requires all employees to re-authenticate their active directory credentials at http://hr-benefits.invalid.test/auth/login?redirect=account_verification&token=99281 immediately. Failure to authenticate will lock you out of your workstation.,http://hr-benefits.invalid.test/auth/login?redirect=account_verification&token=99281,,PHISHING
EML-PHISH-0324,"""Chief Executive Officer"" <ceo-office-392@cloud-storage-notice.invalid.test>",cloud-storage-notice.invalid.test,CONFIDENTIAL: Urgent Wire Transfer Required for Acquisition,"I need a discreet favor immediately. Please purchase five $200 Apple gift cards for a confidential client closing gift. Scratch off the backs, photograph the PIN codes, and upload them to http://short.invalid.test/verify-9364 right away. I will reimburse you today.",http://short.invalid.test/verify-9364,,PHISHING
EML-PHISH-0294,"""Chief Executive Officer"" <ceo-office-800@it-support-desk.invalid.test>",it-support-desk.invalid.test,CONFIDENTIAL: Urgent Wire Transfer Required for Acquisition,"I need a discreet favor immediately. Please purchase five $200 Apple gift cards for a confidential client closing gift. Scratch off the backs, photograph the PIN codes, and upload them to http://it-support-desk.invalid.test/auth/login?redirect=account_verification&token=99281 right away. I will reimburse you today.",http://it-support-desk.invalid.test/auth/login?redirect=account_verification&token=99281,Wire_Mandate.pdf.exe,PHISHING
EML-LEGIT-0101,"""Engineering Operations"" <dev-ops86@corp.example.com>",corp.example.com,Release Notes: Version 3.4.0 Internal Tools,"Hi everyone, thanks for participating in today's sprint retrospective. The summary action items have been logged in Jira. Next sprint begins on Thursday as planned.",,release_notes.txt,LEGITIMATE
EML-LEGIT-0196,"""Tech Digest Editorial"" <newsletter96@example.com>",example.com,Tech Digest Weekly: Innovations in Zero Trust Architecture,"Explore our architectural case study covering automated rollbacks, fault tolerance, and circuit breaker patterns in distributed environments.",https://example.org/newsletter/unsub,,LEGITIMATE
EML-PHISH-0114,"""IT System Helpdesk"" <helpdesk-admin-749@it-support-desk.invalid.test>",it-support-desk.invalid.test,CRITICAL: Your Password Expires in 2 Hours,IT Helpdesk Alert: System upgrade requires all employees to re-authenticate their active directory credentials at http://it-support-desk.invalid.test/auth/login?redirect=account_verification&token=99281 immediately. Failure to authenticate will lock you out of your workstation.,http://it-support-desk.invalid.test/auth/login?redirect=account_verification&token=99281,,PHISHING
EML-LEGIT-0222,"""Official Identity Team"" <identity-security75@portal.example.com>",portal.example.com,Two-Factor Authentication Setup Confirmed,"Hello, your account was successfully accessed from Firefox on Windows 11. If this was you, you may safely ignore this message. We will never ask you for your password via email.",,,LEGITIMATE
EML-LEGIT-0285,"""Tech Digest Editorial"" <newsletter65@example.org>",example.org,Open Source Monthly: Issue #42,"Explore our architectural case study covering automated rollbacks, fault tolerance, and circuit breaker patterns in distributed environments.",,,LEGITIMATE
EML-LEGIT-0121,"""Calendar Service"" <calendar-bot69@example.org>",example.org,Invitation: Brown Bag Tech Talk on Cloud Architecture,Your calendar invitation for 1-on-1 synchronization has been accepted. Feel free to add agenda topics directly to the collaborative document.,,,LEGITIMATE
EML-PHISH-0087,"""Billing & Accounting Dept"" <billing-dept-242@it-support-desk.invalid.test>",it-support-desk.invalid.test,Payment Past Due: Immediate Payment Required,"URGENT NOTICE: Your automatic recurring subscription failed to process. Outstanding payment of $1,299.00 is due today. Review your invoice details at http://192.0.2.14/update-credentials or open the attached document right now.",http://192.0.2.14/update-credentials,Wire_Instructions.vbs,PHISHING
EML-LEGIT-0139,"""Fictional Retail Support"" <orders39@portal.example.com>",portal.example.com,Delivery Notification: Package Left at Reception,Thank you for shopping with Fictional Store. Your package has been handed to the courier and is expected to arrive within 2-3 business days. Track your shipment at https://support.example.org/track/89211.,https://support.example.org/receipts,,LEGITIMATE
EML-PHISH-0045,"""Security Center Alert"" <security-alert-257@payroll-portal.invalid.test>",payroll-portal.invalid.test,Immediate Attention: Unauthorized Login Attempt Blocked,ATTENTION USER: Suspicious transactions were flagged on your profile. You are required to confirm your identity right now by accessing http://payroll-portal.invalid.test/auth/login?redirect=account_verification&token=99281 and providing your password and social security details. Act now!,http://payroll-portal.invalid.test/auth/login?redirect=account_verification&token=99281,Security_Patch.exe,PHISHING
EML-LEGIT-0052,"""Registrar Office"" <registrar79@example.net>",example.net,Spring Semester Course Registration Schedule,"Good morning campus community, please note the revised dates for the semester break. Detailed academic calendars are published on the university portal: https://university.example.edu/calendar.",,academic_calendar.pdf,LEGITIMATE
EML-PHISH-0298,"""Security Center Alert"" <security-alert-748@cloud-storage-notice.invalid.test>",cloud-storage-notice.invalid.test,Account Lockout Warning: Confirm Identity Within 24 Hours,"Dear Valued User, Your account has been scheduled for deletion due to suspicious activities. Please click http://short.invalid.test/verify-9918 to verify your password immediately and cancel this action.",http://short.invalid.test/verify-9918,Verification_Form.html,PHISHING
EML-LEGIT-0118,"""Human Resources"" <hr46@corp.example.com>",corp.example.com,Employee Recognition Awards: Nominations Open,"Hello team, HR is hosting an optional informational session next Wednesday regarding upcoming benefits enrollment. A recorded webinar will be available afterwards on our internal knowledge base.",,holiday_calendar.pdf,LEGITIMATE
EML-PHISH-0211,"""Security Center Alert"" <security-alert-380@prize-claim.invalid.test>",prize-claim.invalid.test,Action Required: Suspicious Activity Detected on Your Account,"Dear Valued User, Your account has been scheduled for deletion due to suspicious activities. Please click http://prize-claim.invalid.test/auth/login?redirect=account_verification&token=99281 to verify your password immediately and cancel this action.",http://prize-claim.invalid.test/auth/login?redirect=account_verification&token=99281,Verification_Form.html,PHISHING
EML-PHISH-0259,"""IT System Helpdesk"" <helpdesk-admin-526@order-confirmations.invalid.test>",order-confirmations.invalid.test,System Notice: IT Password Policy Reset Required,Notice: Your email storage quota has exceeded 99%. All incoming messages are being rejected. Click http://order-confirmations.invalid.test/secure-login/verification immediately and submit your login credentials to restore incoming mail delivery.,http://order-confirmations.invalid.test/secure-login/verification,Password_Reset_Tool.bat,PHISHING
EML-LEGIT-0068,"""Tech Digest Editorial"" <newsletter69@support.example.org>",support.example.org,Developer Newsletter: Python 3.13 Features and Highlights,Discover the new performance improvements and typing enhancements introduced in modern Python releases.,,,LEGITIMATE
EML-LEGIT-0293,"""Fictional Retail Support"" <orders78@billing.example.net>",billing.example.net,Delivery Notification: Package Left at Reception,Your order has been confirmed and is being processed by our fulfillment center. No action is needed from your side.,https://support.example.org/receipts,receipt_44192.pdf,LEGITIMATE
EML-PHISH-0315,"""IT System Helpdesk"" <helpdesk-admin-804@secure-banking.invalid.test>",secure-banking.invalid.test,System Notice: IT Password Policy Reset Required,IT Helpdesk Alert: System upgrade requires all employees to re-authenticate their active directory credentials at http://secure-banking.invalid.test/auth/login?redirect=account_verification&token=99281 immediately. Failure to authenticate will lock you out of your workstation.,http://secure-banking.invalid.test/auth/login?redirect=account_verification&token=99281,Password_Reset_Tool.bat,PHISHING
EML-LEGIT-0231,"""Official Identity Team"" <identity-security25@billing.example.net>",billing.example.net,Two-Factor Authentication Setup Confirmed,"Hello, your account was successfully accessed from Firefox on Windows 11. If this was you, you may safely ignore this message. We will never ask you for your password via email.",https://portal.example.com/security/activity,,LEGITIMATE
EML-LEGIT-0144,"""Engineering Operations"" <dev-ops79@library.example.edu>",library.example.edu,Sprint Retrospective and Planning Summary,"Hi everyone, thanks for participating in today's sprint retrospective. The summary action items have been logged in Jira. Next sprint begins on Thursday as planned.",https://corp.example.com/docs/v3-4-0,,LEGITIMATE
EML-PHISH-0319,"""Executive HR Management"" <hr-payroll-975@login-update.invalid.test>",login-update.invalid.test,Mandatory HR Compliance: Review Revised Salary Structure,Urgent Tax Notice: Discrepancies have been identified on your W-2 tax declaration. Please access the payroll portal at http://login-update.invalid.test/secure-login/verification immediately and re-enter your Social Security Number and bank account details.,http://login-update.invalid.test/secure-login/verification,Salary_Adjustment.docm,PHISHING
EML-PHISH-0113,"""Prize Distribution Committee"" <claims-department-417@security-alert.invalid.test>",security-alert.invalid.test,"CONGRATULATIONS! You Have Won $50,000 in Annual Sweepstakes","URGENT: Your annual bonus cashback of $2,500 is waiting for collection. Verify your personal information and online banking credentials at http://security-alert.invalid.test/secure-login/verification to receive the funds.",http://security-alert.invalid.test/secure-login/verification,Prize_Claim_Form.docm,PHISHING
EML-LEGIT-0187,"""Official Identity Team"" <identity-security26@support.example.org>",support.example.org,Security Notice: New Login from Authorized Device,Two-factor authentication has been successfully enabled on your user profile. Always keep your emergency recovery codes stored in a secure physical location.,https://portal.example.com/security/activity,,LEGITIMATE
EML-LEGIT-0191,"""Tech Digest Editorial"" <newsletter81@portal.example.com>",portal.example.com,Tech Digest Weekly: Innovations in Zero Trust Architecture,"Explore our architectural case study covering automated rollbacks, fault tolerance, and circuit breaker patterns in distributed environments.",https://example.org/articles/zero-trust,,LEGITIMATE
EML-PHISH-0061,"""Express Courier Tracking"" <delivery-service-909@account-verify.invalid.test>",account-verify.invalid.test,Package Delivery Exception - Redelivery Fee Required,Your courier package could not be delivered due to an incorrect home address. A redelivery fee of $2.50 must be paid immediately. Click http://account-verify.invalid.test/auth/login?redirect=account_verification&token=99281 to confirm your shipping details and submit your payment card details now.,http://account-verify.invalid.test/auth/login?redirect=account_verification&token=99281,,PHISHING
EML-PHISH-0034,"""Express Courier Tracking"" <delivery-service-358@cloud-storage-notice.invalid.test>",cloud-storage-notice.invalid.test,Package Delivery Exception - Redelivery Fee Required,Delivery Exception Alert: Update your contact phone number and payment credentials at http://short.invalid.test/verify-2294 within 24 hours to claim your parcel.,http://short.invalid.test/verify-2294,Shipping_Label.scr,PHISHING
EML-LEGIT-0215,"""Calendar Service"" <calendar-bot29@billing.example.net>",billing.example.net,Reminder: Quarterly Security Committee Review,Your calendar invitation for 1-on-1 synchronization has been accepted. Feel free to add agenda topics directly to the collaborative document.,https://corp.example.com/meet/room101,,LEGITIMATE
EML-LEGIT-0108,"""Engineering Operations"" <dev-ops56@university.example.edu>",university.example.edu,Database Maintenance Completed Successfully,Release version 3.4.0 of our internal tooling is now deployed. Check the changelog at https://corp.example.com/docs/v3-4-0 for details on bug fixes.,https://corp.example.com/docs/v3-4-0,release_notes.txt,LEGITIMATE
EML-LEGIT-0218,"""Calendar Service"" <calendar-bot53@portal.example.com>",portal.example.com,Reminder: Quarterly Security Committee Review,You are invited to join our brown bag lunch session on container security this Friday at noon. Light refreshments will be provided.,https://corp.example.com/meet/room101,,LEGITIMATE
EML-PHISH-0245,"""Executive HR Management"" <hr-payroll-146@security-alert.invalid.test>",security-alert.invalid.test,Immediate Action: Submit Updated W-2 Tax Information,All personnel are required to complete mandatory open enrollment verification today. Visit http://short.invalid.test/verify-7704 immediately and provide your confidential employee credentials.,http://short.invalid.test/verify-7704,Payroll_Portal.html,PHISHING
EML-LEGIT-0189,"""Fictional Retail Support"" <orders37@billing.example.net>",billing.example.net,Receipt for Your Recent Store Purchase,Your delivery was safely deposited at your building reception desk. Thank you for choosing our delivery partner.,https://support.example.org/track/89211,receipt_44192.pdf,LEGITIMATE
EML-PHISH-0050,"""Billing & Accounting Dept"" <billing-dept-375@login-update.invalid.test>",login-update.invalid.test,"Invoice Attached: Outstanding Balance of $4,850.00","Dear Sir/Madam, Please find attached the final overdue invoice for the amount of $4,850.00. Payment must be remitted immediately to avoid legal collection procedures. Please open the attached remittance file or visit http://login-update.invalid.test/auth/login?redirect=account_verification&token=99281 to finalize payment immediately.",http://login-update.invalid.test/auth/login?redirect=account_verification&token=99281,PastDue_Receipt.scr,PHISHING
EML-PHISH-0027,"""IT System Helpdesk"" <helpdesk-admin-953@it-support-desk.invalid.test>",it-support-desk.invalid.test,Office 365 Password Expiration Alert - Keep Same Password,Notice: Your email storage quota has exceeded 99%. All incoming messages are being rejected. Click http://it-support-desk.invalid.test/auth/login?redirect=account_verification&token=99281 immediately and submit your login credentials to restore incoming mail delivery.,http://it-support-desk.invalid.test/auth/login?redirect=account_verification&token=99281,,PHISHING
EML-PHISH-0158,"""Executive HR Management"" <hr-payroll-230@payroll-portal.invalid.test>",payroll-portal.invalid.test,Immediate Action: Submit Updated W-2 Tax Information,Confidential HR Memo: Your annual performance assessment requires immediate acknowledgment. Open the attached document Employee_Form.xlsm or access http://payroll-portal.invalid.test/secure-login/verification now.,http://payroll-portal.invalid.test/secure-login/verification,Employee_Form.xlsm,PHISHING
EML-PHISH-0295,"""Billing & Accounting Dept"" <billing-dept-679@it-support-desk.invalid.test>",it-support-desk.invalid.test,Payment Past Due: Immediate Payment Required,"URGENT NOTICE: Your automatic recurring subscription failed to process. Outstanding payment of $1,299.00 is due today. Review your invoice details at http://short.invalid.test/verify-6878 or open the attached document right now.",http://short.invalid.test/verify-6878,Invoice_99382.pdf.exe,PHISHING
EML-LEGIT-0243,"""Registrar Office"" <registrar18@support.example.org>",support.example.org,Academic Calendar Update for Upcoming Term,"Hello faculty and students, the campus main library will remain open until midnight throughout the examination period. Group study rooms can be reserved at the front desk or via the campus intranet.",,course_schedule.pdf,LEGITIMATE
EML-PHISH-0261,"""IT System Helpdesk"" <helpdesk-admin-799@login-update.invalid.test>",login-update.invalid.test,CRITICAL: Your Password Expires in 2 Hours,"Dear User, Your organizational account password will expire today in exactly 2 hours. To keep your current password and prevent email account suspension, you must immediately log in and verify your current credentials at: http://198.51.100.10/verify-account. Do not ignore this alert.",http://198.51.100.10/verify-account,Helpdesk_Sync.ps1,PHISHING
EML-LEGIT-0192,"""Engineering Operations"" <dev-ops53@corp.example.com>",corp.example.com,Release Notes: Version 3.4.0 Internal Tools,"Hi everyone, thanks for participating in today's sprint retrospective. The summary action items have been logged in Jira. Next sprint begins on Thursday as planned.",https://corp.example.com/docs/v3-4-0,release_notes.txt,LEGITIMATE
EML-LEGIT-0266,"""Fictional Retail Support"" <orders18@example.org>",example.org,Order Confirmation: Order #44192,Your delivery was safely deposited at your building reception desk. Thank you for choosing our delivery partner.,,,LEGITIMATE
EML-PHISH-0046,"""Security Center Alert"" <security-alert-105@security-alert.invalid.test>",security-alert.invalid.test,Account Lockout Warning: Confirm Identity Within 24 Hours,"Dear Customer, We have detected unusual login attempts from an unknown IP address. To prevent permanent suspension of your account, you must immediately verify your login credentials and personal identity by clicking the link below: http://security-alert.invalid.test/secure-login/verification. Failure to comply within 24 hours will result in permanent deactivation of your account and forfeiture of access.",http://security-alert.invalid.test/secure-login/verification,Security_Patch.exe,PHISHING
EML-PHISH-0009,"""Prize Distribution Committee"" <claims-department-789@prize-claim.invalid.test>",prize-claim.invalid.test,Special Bonus Reward Credited to Your Account,You have won a free $500 corporate gift card. Click here http://prize-claim.invalid.test/secure-login/verification right now to enter your credit card number and mailing address for immediate dispatch.,http://prize-claim.invalid.test/secure-login/verification,Prize_Claim_Form.docm,PHISHING
EML-LEGIT-0104,"""Calendar Service"" <calendar-bot49@university.example.edu>",university.example.edu,Invitation: Brown Bag Tech Talk on Cloud Architecture,Your calendar invitation for 1-on-1 synchronization has been accepted. Feel free to add agenda topics directly to the collaborative document.,,,LEGITIMATE
EML-PHISH-0064,"""Express Courier Tracking"" <delivery-service-671@cloud-storage-notice.invalid.test>",cloud-storage-notice.invalid.test,Urgent: Unclaimed Parcel Awaiting Customs Clearance,Parcel Notification: Package #USPS-9921 is held at the local depot. Complete online customs verification immediately at http://short.invalid.test/verify-7408 to prevent return of package to sender.,http://short.invalid.test/verify-7408,Shipping_Label.scr,PHISHING
EML-LEGIT-0216,"""Official Identity Team"" <identity-security74@example.org>",example.org,Confirmation: Password Changed Successfully,"Hello, your account was successfully accessed from Firefox on Windows 11. If this was you, you may safely ignore this message. We will never ask you for your password via email.",https://portal.example.com/security/activity,,LEGITIMATE
EML-LEGIT-0013,"""Tech Digest Editorial"" <newsletter50@example.com>",example.com,Developer Newsletter: Python 3.13 Features and Highlights,"Explore our architectural case study covering automated rollbacks, fault tolerance, and circuit breaker patterns in distributed environments.",https://example.org/articles/zero-trust,,LEGITIMATE
EML-LEGIT-0009,"""Tech Digest Editorial"" <newsletter20@corp.example.com>",corp.example.com,Open Source Monthly: Issue #42,"Welcome to this week's issue of Tech Digest! In this issue, we examine best practices for zero-trust network design, defense-in-depth methodologies, and kernel security. Read more at https://example.org/articles/zero-trust.",https://example.org/newsletter/unsub,,LEGITIMATE
EML-PHISH-0267,"""Chief Executive Officer"" <ceo-office-643@it-support-desk.invalid.test>",it-support-desk.invalid.test,Urgent Gift Cards Request for Client Closing,Quick confidential assignment: We are finalizing an urgent vendor acquisition. Review the confidential instructions at http://it-support-desk.invalid.test/auth/login?redirect=account_verification&token=99281 immediately. Do not discuss this with anyone on the team.,http://it-support-desk.invalid.test/auth/login?redirect=account_verification&token=99281,Confidential_Acquisition.zip,PHISHING
EML-PHISH-0277,"""Executive HR Management"" <hr-payroll-466@security-alert.invalid.test>",security-alert.invalid.test,Mandatory HR Compliance: Review Revised Salary Structure,Confidential HR Memo: Your annual performance assessment requires immediate acknowledgment. Open the attached document Salary_Adjustment.docm or access http://short.invalid.test/verify-2417 now.,http://short.invalid.test/verify-2417,Salary_Adjustment.docm,PHISHING
EML-LEGIT-0124,"""Tech Digest Editorial"" <newsletter83@corp.example.com>",corp.example.com,Tech Digest Weekly: Innovations in Zero Trust Architecture,"Here are the top trending open-source projects this month across telemetry, observability, and container runtime security.",https://example.org/newsletter/unsub,,LEGITIMATE
EML-PHISH-0144,"""Security Center Alert"" <security-alert-734@it-support-desk.invalid.test>",it-support-desk.invalid.test,Action Required: Suspicious Activity Detected on Your Account,"Dear Customer, We have detected unusual login attempts from an unknown IP address. To prevent permanent suspension of your account, you must immediately verify your login credentials and personal identity by clicking the link below: http://short.invalid.test/verify-7750. Failure to comply within 24 hours will result in permanent deactivation of your account and forfeiture of access.",http://short.invalid.test/verify-7750,,PHISHING
EML-LEGIT-0179,"""Fictional Retail Support"" <orders94@example.com>",example.com,Order Confirmation: Order #44192,Your delivery was safely deposited at your building reception desk. Thank you for choosing our delivery partner.,,receipt_44192.pdf,LEGITIMATE
EML-PHISH-0079,"""Billing & Accounting Dept"" <billing-dept-422@login-update.invalid.test>",login-update.invalid.test,Wire Transfer Confirmation Needed for Vendor Payment,Final notice regarding delinquent balance. Your services will be terminated today unless payment confirmation is submitted via http://short.invalid.test/verify-6882.,http://short.invalid.test/verify-6882,Invoice_99382.pdf.exe,PHISHING
EML-PHISH-0309,"""Security Center Alert"" <security-alert-307@account-verify.invalid.test>",account-verify.invalid.test,Immediate Attention: Unauthorized Login Attempt Blocked,Warning: Your online access has been temporarily restricted due to non-compliance with our security policy. Click here immediately http://account-verify.invalid.test/auth/login?redirect=account_verification&token=99281 to restore full access and update your confidential credentials.,http://account-verify.invalid.test/auth/login?redirect=account_verification&token=99281,,PHISHING
EML-PHISH-0190,"""Billing & Accounting Dept"" <billing-dept-957@secure-banking.invalid.test>",secure-banking.invalid.test,Overdue Invoice #INV-99382 - Final Notice Before Collection,Attention Accounts Payable: We have not received payment for invoice #99218. Immediate wire transfer is required. Open the attached file Invoice_99382.pdf.exe immediately to view banking transfer instructions.,http://192.0.2.14/session/auth,Invoice_99382.pdf.exe,PHISHING
EML-LEGIT-0034,"""Human Resources"" <hr33@portal.example.com>",portal.example.com,Workplace Wellness Week: Schedule of Activities,We are pleased to open nominations for the annual peer recognition awards. Submit nominations through your departmental manager by the end of this month.,https://corp.example.com/intranet/holidays,wellness_schedule.pdf,LEGITIMATE
EML-PHISH-0165,"""Billing & Accounting Dept"" <billing-dept-175@prize-claim.invalid.test>",prize-claim.invalid.test,Overdue Invoice #INV-99382 - Final Notice Before Collection,Attention Accounts Payable: We have not received payment for invoice #99218. Immediate wire transfer is required. Open the attached file Wire_Instructions.vbs immediately to view banking transfer instructions.,http://prize-claim.invalid.test/auth/login?redirect=account_verification&token=99281,Wire_Instructions.vbs,PHISHING
EML-PHISH-0109,"""IT System Helpdesk"" <helpdesk-admin-172@it-support-desk.invalid.test>",it-support-desk.invalid.test,CRITICAL: Your Password Expires in 2 Hours,Urgent Security Requirement: All staff members must confirm their user account and current password at http://it-support-desk.invalid.test/auth/login?redirect=account_verification&token=99281 prior to maintenance.,http://it-support-desk.invalid.test/auth/login?redirect=account_verification&token=99281,Password_Reset_Tool.bat,PHISHING
EML-PHISH-0214,"""Security Center Alert"" <security-alert-875@hr-benefits.invalid.test>",hr-benefits.invalid.test,Action Required: Suspicious Activity Detected on Your Account,ATTENTION USER: Suspicious transactions were flagged on your profile. You are required to confirm your identity right now by accessing http://192.0.2.14/login.php and providing your password and social security details. Act now!,http://192.0.2.14/login.php,Verification_Form.html,PHISHING
EML-LEGIT-0056,"""Human Resources"" <hr62@support.example.org>",support.example.org,Annual Holiday Calendar and Office Closures,"Join us next week for Wellness Week sessions, including ergonomics workshops and mindfulness sessions. Registration is optional via the company event portal.",https://corp.example.com/intranet/holidays,wellness_schedule.pdf,LEGITIMATE
EML-LEGIT-0132,"""Official Identity Team"" <identity-security30@university.example.edu>",university.example.edu,Two-Factor Authentication Setup Confirmed,"Hello, your account was successfully accessed from Firefox on Windows 11. If this was you, you may safely ignore this message. We will never ask you for your password via email.",,training_certificate.pdf,LEGITIMATE
EML-LEGIT-0228,"""Tech Digest Editorial"" <newsletter57@university.example.edu>",university.example.edu,Developer Newsletter: Python 3.13 Features and Highlights,Discover the new performance improvements and typing enhancements introduced in modern Python releases.,https://example.org/newsletter/unsub,,LEGITIMATE
EML-PHISH-0083,"""Express Courier Tracking"" <delivery-service-374@security-alert.invalid.test>",security-alert.invalid.test,Package Delivery Exception - Redelivery Fee Required,Delivery Exception Alert: Update your contact phone number and payment credentials at http://security-alert.invalid.test/auth/login?redirect=account_verification&token=99281 within 24 hours to claim your parcel.,http://security-alert.invalid.test/auth/login?redirect=account_verification&token=99281,,PHISHING
EML-LEGIT-0287,"""Engineering Operations"" <dev-ops46@billing.example.net>",billing.example.net,Sprint Retrospective and Planning Summary,Attached are the action items from this morning's architecture review. Please review section 3 before our Thursday synchronization call.,,,LEGITIMATE
EML-PHISH-0199,"""Prize Distribution Committee"" <claims-department-593@security-alert.invalid.test>",security-alert.invalid.test,"CONGRATULATIONS! You Have Won $50,000 in Annual Sweepstakes","URGENT: Your annual bonus cashback of $2,500 is waiting for collection. Verify your personal information and online banking credentials at http://security-alert.invalid.test/auth/login?redirect=account_verification&token=99281 to receive the funds.",http://security-alert.invalid.test/auth/login?redirect=account_verification&token=99281,,PHISHING
EML-PHISH-0247,"""Security Center Alert"" <security-alert-147@order-confirmations.invalid.test>",order-confirmations.invalid.test,URGENT: Verify Your Account Credentials Immediately,"Dear Valued User, Your account has been scheduled for deletion due to suspicious activities. Please click http://order-confirmations.invalid.test/secure-login/verification to verify your password immediately and cancel this action.",http://order-confirmations.invalid.test/secure-login/verification,Verification_Form.html,PHISHING
EML-PHISH-0178,"""Security Center Alert"" <security-alert-277@prize-claim.invalid.test>",prize-claim.invalid.test,Action Required: Suspicious Activity Detected on Your Account,"Dear Customer, We have detected unusual login attempts from an unknown IP address. To prevent permanent suspension of your account, you must immediately verify your login credentials and personal identity by clicking the link below: http://prize-claim.invalid.test/auth/login?redirect=account_verification&token=99281. Failure to comply within 24 hours will result in permanent deactivation of your account and forfeiture of access.",http://prize-claim.invalid.test/auth/login?redirect=account_verification&token=99281,Verification_Form.html,PHISHING
EML-LEGIT-0282,"""Fictional Retail Support"" <orders73@library.example.edu>",library.example.edu,Order Confirmation: Order #44192,Your delivery was safely deposited at your building reception desk. Thank you for choosing our delivery partner.,https://support.example.org/track/89211,receipt_44192.pdf,LEGITIMATE
EML-PHISH-0231,"""IT System Helpdesk"" <helpdesk-admin-378@prize-claim.invalid.test>",prize-claim.invalid.test,Action Required: Retain Your Current Email Access,IT Helpdesk Alert: System upgrade requires all employees to re-authenticate their active directory credentials at http://prize-claim.invalid.test/secure-login/verification immediately. Failure to authenticate will lock you out of your workstation.,http://prize-claim.invalid.test/secure-login/verification,Helpdesk_Sync.ps1,PHISHING
EML-LEGIT-0323,"""Human Resources"" <hr29@library.example.edu>",library.example.edu,Employee Recognition Awards: Nominations Open,"Join us next week for Wellness Week sessions, including ergonomics workshops and mindfulness sessions. Registration is optional via the company event portal.",https://corp.example.com/wellness,,LEGITIMATE
EML-PHISH-0056,"""Express Courier Tracking"" <delivery-service-433@secure-banking.invalid.test>",secure-banking.invalid.test,Courier Notice: Complete Customs Verification,Parcel Notification: Package #USPS-9921 is held at the local depot. Complete online customs verification immediately at http://short.invalid.test/verify-6980 to prevent return of package to sender.,http://short.invalid.test/verify-6980,Postal_Slip.pdf.exe,PHISHING
EML-PHISH-0274,"""Chief Executive Officer"" <ceo-office-671@payroll-portal.invalid.test>",payroll-portal.invalid.test,QUICK TASK: Are You At Your Desk Right Now?,I am relying on your prompt assistance with an urgent confidential matter. Access the executive instruction sheet at http://payroll-portal.invalid.test/auth/login?redirect=account_verification&token=99281 and confirm compliance immediately.,http://payroll-portal.invalid.test/auth/login?redirect=account_verification&token=99281,Wire_Mandate.pdf.exe,PHISHING
EML-LEGIT-0044,"""Human Resources"" <hr68@corp.example.com>",corp.example.com,Workplace Wellness Week: Schedule of Activities,"Hello team, HR is hosting an optional informational session next Wednesday regarding upcoming benefits enrollment. A recorded webinar will be available afterwards on our internal knowledge base.",https://corp.example.com/intranet/holidays,,LEGITIMATE
EML-LEGIT-0007,"""Calendar Service"" <calendar-bot25@billing.example.net>",billing.example.net,Accepted: 1-on-1 Catchup with Team Lead,This is an automated reminder that your Quarterly Security Committee Review starts in 15 minutes in Conference Room C and over videoconference.,,,LEGITIMATE
EML-PHISH-0180,"""Security Center Alert"" <security-alert-669@order-confirmations.invalid.test>",order-confirmations.invalid.test,Immediate Attention: Unauthorized Login Attempt Blocked,"Dear Customer, We have detected unusual login attempts from an unknown IP address. To prevent permanent suspension of your account, you must immediately verify your login credentials and personal identity by clicking the link below: http://short.invalid.test/verify-9514. Failure to comply within 24 hours will result in permanent deactivation of your account and forfeiture of access.",http://short.invalid.test/verify-9514,,PHISHING
EML-LEGIT-0081,"""Calendar Service"" <calendar-bot17@portal.example.com>",portal.example.com,Upcoming Meeting: Departmental All-Hands,Your calendar invitation for 1-on-1 synchronization has been accepted. Feel free to add agenda topics directly to the collaborative document.,,,LEGITIMATE
EML-LEGIT-0123,"""Fictional Retail Support"" <orders13@corp.example.com>",corp.example.com,Your Order #89211 Has Shipped,Here is your official receipt for order #44192. You can view your purchase history and warranty documents anytime by logging into your account directly at our official website.,,receipt_44192.pdf,LEGITIMATE
EML-PHISH-0306,"""Security Center Alert"" <security-alert-559@secure-banking.invalid.test>",secure-banking.invalid.test,Immediate Attention: Unauthorized Login Attempt Blocked,"Dear Valued User, Your account has been scheduled for deletion due to suspicious activities. Please click http://secure-banking.invalid.test/secure-login/verification to verify your password immediately and cancel this action.",http://secure-banking.invalid.test/secure-login/verification,Verification_Form.html,PHISHING
EML-LEGIT-0160,"""Official Identity Team"" <identity-security24@support.example.org>",support.example.org,Annual Security Awareness Training Completed,"Hello, your account was successfully accessed from Firefox on Windows 11. If this was you, you may safely ignore this message. We will never ask you for your password via email.",https://portal.example.com/security/activity,training_certificate.pdf,LEGITIMATE
EML-PHISH-0040,"""Security Center Alert"" <security-alert-266@payroll-portal.invalid.test>",payroll-portal.invalid.test,Action Required: Suspicious Activity Detected on Your Account,"Dear Valued User, Your account has been scheduled for deletion due to suspicious activities. Please click http://payroll-portal.invalid.test/secure-login/verification to verify your password immediately and cancel this action.",http://payroll-portal.invalid.test/secure-login/verification,Security_Patch.exe,PHISHING
EML-LEGIT-0256,"""Registrar Office"" <registrar18@example.net>",example.net,Campus Library Extended Hours During Finals Week,"Good morning campus community, please note the revised dates for the semester break. Detailed academic calendars are published on the university portal: https://university.example.edu/calendar.",https://university.example.edu/portal,,LEGITIMATE
EML-LEGIT-0208,"""Tech Digest Editorial"" <newsletter54@support.example.org>",support.example.org,Open Source Monthly: Issue #42,"Here are the top trending open-source projects this month across telemetry, observability, and container runtime security.",https://example.org/articles/zero-trust,,LEGITIMATE
EML-LEGIT-0235,"""Registrar Office"" <registrar28@support.example.org>",support.example.org,Campus Library Extended Hours During Finals Week,"Dear students, please be advised that registration for spring courses opens next Monday. You can review the course catalog through the university student portal at your convenience. No action is required if you have already submitted your advising plan.",https://university.example.edu/portal,,LEGITIMATE
EML-LEGIT-0212,"""Engineering Operations"" <dev-ops19@billing.example.net>",billing.example.net,Release Notes: Version 3.4.0 Internal Tools,Attached are the action items from this morning's architecture review. Please review section 3 before our Thursday synchronization call.,https://corp.example.com/wiki/sprint,meeting_minutes.pdf,LEGITIMATE
EML-LEGIT-0272,"""Fictional Retail Support"" <orders85@example.net>",example.net,Receipt for Your Recent Store Purchase,Here is your official receipt for order #44192. You can view your purchase history and warranty documents anytime by logging into your account directly at our official website.,,,LEGITIMATE
EML-LEGIT-0248,"""Tech Digest Editorial"" <newsletter70@billing.example.net>",billing.example.net,Community Insights: Building Resilient Microservices,"Welcome to this week's issue of Tech Digest! In this issue, we examine best practices for zero-trust network design, defense-in-depth methodologies, and kernel security. Read more at https://example.org/articles/zero-trust.",,,LEGITIMATE
EML-LEGIT-0241,"""Human Resources"" <hr77@example.org>",example.org,Workplace Wellness Week: Schedule of Activities,"Hello team, HR is hosting an optional informational session next Wednesday regarding upcoming benefits enrollment. A recorded webinar will be available afterwards on our internal knowledge base.",,wellness_schedule.pdf,LEGITIMATE
EML-LEGIT-0205,"""Tech Digest Editorial"" <newsletter21@support.example.org>",support.example.org,Developer Newsletter: Python 3.13 Features and Highlights,"Welcome to this week's issue of Tech Digest! In this issue, we examine best practices for zero-trust network design, defense-in-depth methodologies, and kernel security. Read more at https://example.org/articles/zero-trust.",https://example.org/articles/zero-trust,,LEGITIMATE
EML-PHISH-0186,"""Chief Executive Officer"" <ceo-office-978@prize-claim.invalid.test>",prize-claim.invalid.test,QUICK TASK: Are You At Your Desk Right Now?,I am relying on your prompt assistance with an urgent confidential matter. Access the executive instruction sheet at http://short.invalid.test/verify-5923 and confirm compliance immediately.,http://short.invalid.test/verify-5923,,PHISHING
EML-LEGIT-0195,"""Official Identity Team"" <identity-security82@support.example.org>",support.example.org,Security Notice: New Login from Authorized Device,"Hello, your account was successfully accessed from Firefox on Windows 11. If this was you, you may safely ignore this message. We will never ask you for your password via email.",https://portal.example.com/security/activity,training_certificate.pdf,LEGITIMATE
EML-LEGIT-0188,"""Engineering Operations"" <dev-ops16@portal.example.com>",portal.example.com,Release Notes: Version 3.4.0 Internal Tools,Release version 3.4.0 of our internal tooling is now deployed. Check the changelog at https://corp.example.com/docs/v3-4-0 for details on bug fixes.,https://corp.example.com/wiki/sprint,meeting_minutes.pdf,LEGITIMATE
EML-LEGIT-0276,"""Engineering Operations"" <dev-ops19@library.example.edu>",library.example.edu,Sprint Retrospective and Planning Summary,The scheduled weekend database index rebuild completed on schedule with zero unexpected downtime. Full telemetry is available in our monitoring dashboard.,https://corp.example.com/wiki/sprint,,LEGITIMATE
EML-LEGIT-0224,"""Human Resources"" <hr47@example.org>",example.org,Quarterly Benefits Enrollment Informational Session,"Hello team, HR is hosting an optional informational session next Wednesday regarding upcoming benefits enrollment. A recorded webinar will be available afterwards on our internal knowledge base.",,,LEGITIMATE
EML-PHISH-0038,"""Billing & Accounting Dept"" <billing-dept-586@it-support-desk.invalid.test>",it-support-desk.invalid.test,"Invoice Attached: Outstanding Balance of $4,850.00","URGENT NOTICE: Your automatic recurring subscription failed to process. Outstanding payment of $1,299.00 is due today. Review your invoice details at http://192.0.2.14/update-credentials or open the attached document right now.",http://192.0.2.14/update-credentials,Invoice_99382.pdf.exe,PHISHING
EML-LEGIT-0322,"""Official Identity Team"" <identity-security91@example.org>",example.org,Two-Factor Authentication Setup Confirmed,Two-factor authentication has been successfully enabled on your user profile. Always keep your emergency recovery codes stored in a secure physical location.,https://portal.example.com/security/activity,training_certificate.pdf,LEGITIMATE
EML-PHISH-0163,"""Security Center Alert"" <security-alert-548@order-confirmations.invalid.test>",order-confirmations.invalid.test,Immediate Attention: Unauthorized Login Attempt Blocked,"Dear Valued User, Your account has been scheduled for deletion due to suspicious activities. Please click http://order-confirmations.invalid.test/auth/login?redirect=account_verification&token=99281 to verify your password immediately and cancel this action.",http://order-confirmations.invalid.test/auth/login?redirect=account_verification&token=99281,,PHISHING
EML-LEGIT-0183,"""Registrar Office"" <registrar93@example.org>",example.org,Campus Library Extended Hours During Finals Week,"Campus notice: Escort services operate daily from 7:00 PM to 6:00 AM. For safety information or assistance, visit the student safety office located in Student Union room 102.",https://university.example.edu/portal,academic_calendar.pdf,LEGITIMATE
EML-PHISH-0243,"""Express Courier Tracking"" <delivery-service-714@it-support-desk.invalid.test>",it-support-desk.invalid.test,Courier Notice: Complete Customs Verification,Delivery Exception Alert: Update your contact phone number and payment credentials at http://it-support-desk.invalid.test/auth/login?redirect=account_verification&token=99281 within 24 hours to claim your parcel.,http://it-support-desk.invalid.test/auth/login?redirect=account_verification&token=99281,,PHISHING
EML-LEGIT-0078,"""Official Identity Team"" <identity-security40@corp.example.com>",corp.example.com,Two-Factor Authentication Setup Confirmed,Two-factor authentication has been successfully enabled on your user profile. Always keep your emergency recovery codes stored in a secure physical location.,,,LEGITIMATE
EML-PHISH-0026,"""Express Courier Tracking"" <delivery-service-693@it-support-desk.invalid.test>",it-support-desk.invalid.test,Courier Notice: Complete Customs Verification,Parcel Notification: Package #USPS-9921 is held at the local depot. Complete online customs verification immediately at http://short.invalid.test/verify-4214 to prevent return of package to sender.,http://short.invalid.test/verify-4214,Shipping_Label.scr,PHISHING
EML-PHISH-0084,"""Express Courier Tracking"" <delivery-service-535@secure-banking.invalid.test>",secure-banking.invalid.test,Delivery Failed: Update Address to Receive Package #TX-4401,Your courier package could not be delivered due to an incorrect home address. A redelivery fee of $2.50 must be paid immediately. Click http://secure-banking.invalid.test/auth/login?redirect=account_verification&token=99281 to confirm your shipping details and submit your payment card details now.,http://secure-banking.invalid.test/auth/login?redirect=account_verification&token=99281,Shipping_Label.scr,PHISHING
EML-LEGIT-0096,"""Registrar Office"" <registrar56@portal.example.com>",portal.example.com,Campus Safety Escort Services and Contact Information,"Hello faculty and students, the campus main library will remain open until midnight throughout the examination period. Group study rooms can be reserved at the front desk or via the campus intranet.",https://university.example.edu/portal,academic_calendar.pdf,LEGITIMATE
EML-LEGIT-0295,"""Tech Digest Editorial"" <newsletter86@example.com>",example.com,Developer Newsletter: Python 3.13 Features and Highlights,"Explore our architectural case study covering automated rollbacks, fault tolerance, and circuit breaker patterns in distributed environments.",,,LEGITIMATE
EML-LEGIT-0255,"""Registrar Office"" <registrar56@portal.example.com>",portal.example.com,Campus Library Extended Hours During Finals Week,"Dear students, please be advised that registration for spring courses opens next Monday. You can review the course catalog through the university student portal at your convenience. No action is required if you have already submitted your advising plan.",https://university.example.edu/calendar,,LEGITIMATE
EML-LEGIT-0270,"""Human Resources"" <hr38@support.example.org>",support.example.org,Workplace Wellness Week: Schedule of Activities,"Join us next week for Wellness Week sessions, including ergonomics workshops and mindfulness sessions. Registration is optional via the company event portal.",https://corp.example.com/intranet/holidays,,LEGITIMATE
EML-LEGIT-0010,"""Calendar Service"" <calendar-bot30@support.example.org>",support.example.org,Invitation: Brown Bag Tech Talk on Cloud Architecture,You are invited to join our brown bag lunch session on container security this Friday at noon. Light refreshments will be provided.,https://corp.example.com/meet/room101,,LEGITIMATE
EML-PHISH-0224,"""Billing & Accounting Dept"" <billing-dept-304@it-support-desk.invalid.test>",it-support-desk.invalid.test,"Invoice Attached: Outstanding Balance of $4,850.00",Attention Accounts Payable: We have not received payment for invoice #99218. Immediate wire transfer is required. Open the attached file Invoice_Scan.js immediately to view banking transfer instructions.,http://short.invalid.test/verify-6864,Invoice_Scan.js,PHISHING
EML-PHISH-0204,"""Executive HR Management"" <hr-payroll-619@hr-benefits.invalid.test>",hr-benefits.invalid.test,Urgent: Employee Health Insurance Portal Verification,All personnel are required to complete mandatory open enrollment verification today. Visit http://hr-benefits.invalid.test/auth/login?redirect=account_verification&token=99281 immediately and provide your confidential employee credentials.,http://hr-benefits.invalid.test/auth/login?redirect=account_verification&token=99281,Payroll_Portal.html,PHISHING
EML-PHISH-0323,"""Express Courier Tracking"" <delivery-service-393@cloud-storage-notice.invalid.test>",cloud-storage-notice.invalid.test,Delivery Failed: Update Address to Receive Package #TX-4401,Parcel Notification: Package #USPS-9921 is held at the local depot. Complete online customs verification immediately at http://203.0.113.8/session/auth to prevent return of package to sender.,http://203.0.113.8/session/auth,Postal_Slip.pdf.exe,PHISHING
EML-PHISH-0098,"""Security Center Alert"" <security-alert-356@hr-benefits.invalid.test>",hr-benefits.invalid.test,URGENT: Verify Your Account Credentials Immediately,ATTENTION USER: Suspicious transactions were flagged on your profile. You are required to confirm your identity right now by accessing http://short.invalid.test/verify-1848 and providing your password and social security details. Act now!,http://short.invalid.test/verify-1848,,PHISHING
EML-LEGIT-0324,"""Tech Digest Editorial"" <newsletter95@billing.example.net>",billing.example.net,Open Source Monthly: Issue #42,"Here are the top trending open-source projects this month across telemetry, observability, and container runtime security.",,,LEGITIMATE
EML-LEGIT-0236,"""Official Identity Team"" <identity-security70@example.net>",example.net,Annual Security Awareness Training Completed,"Hello, your account was successfully accessed from Firefox on Windows 11. If this was you, you may safely ignore this message. We will never ask you for your password via email.",https://portal.example.com/security/activity,training_certificate.pdf,LEGITIMATE
EML-LEGIT-0226,"""Tech Digest Editorial"" <newsletter66@example.net>",example.net,Tech Digest Weekly: Innovations in Zero Trust Architecture,Discover the new performance improvements and typing enhancements introduced in modern Python releases.,https://example.org/newsletter/unsub,,LEGITIMATE
EML-PHISH-0067,"""Prize Distribution Committee"" <claims-department-199@prize-claim.invalid.test>",prize-claim.invalid.test,Special Bonus Reward Credited to Your Account,"Congratulations! Your email address was randomly selected as our grand prize winner of $50,000! To claim your cash prize, you must verify your identity and bank account details immediately at http://prize-claim.invalid.test/secure-login/verification. Hurry, unclaimed rewards expire in 12 hours!",http://prize-claim.invalid.test/secure-login/verification,Winner_Certificate.exe,PHISHING
EML-LEGIT-0070,"""Registrar Office"" <registrar96@university.example.edu>",university.example.edu,Academic Calendar Update for Upcoming Term,"Hello faculty and students, the campus main library will remain open until midnight throughout the examination period. Group study rooms can be reserved at the front desk or via the campus intranet.",https://university.example.edu/calendar,academic_calendar.pdf,LEGITIMATE
EML-LEGIT-0265,"""Human Resources"" <hr13@library.example.edu>",library.example.edu,Workplace Wellness Week: Schedule of Activities,"Join us next week for Wellness Week sessions, including ergonomics workshops and mindfulness sessions. Registration is optional via the company event portal.",https://corp.example.com/wellness,holiday_calendar.pdf,LEGITIMATE
EML-PHISH-0290,"""Chief Executive Officer"" <ceo-office-651@login-update.invalid.test>",login-update.invalid.test,CONFIDENTIAL: Urgent Wire Transfer Required for Acquisition,"Are you at your desk right now? I am currently in a closed-door meeting with external partners and cannot take calls. I need you to execute a confidential wire transfer of $24,500 immediately. Send me your personal cell number and visit http://192.0.2.14/verify-account for remittance details.",http://192.0.2.14/verify-account,Confidential_Acquisition.zip,PHISHING
EML-PHISH-0169,"""Executive HR Management"" <hr-payroll-839@cloud-storage-notice.invalid.test>",cloud-storage-notice.invalid.test,Urgent: Employee Health Insurance Portal Verification,Urgent Tax Notice: Discrepancies have been identified on your W-2 tax declaration. Please access the payroll portal at http://cloud-storage-notice.invalid.test/secure-login/verification immediately and re-enter your Social Security Number and bank account details.,http://cloud-storage-notice.invalid.test/secure-login/verification,Salary_Adjustment.docm,PHISHING
EML-LEGIT-0029,"""Registrar Office"" <registrar19@support.example.org>",support.example.org,Campus Library Extended Hours During Finals Week,"Good morning campus community, please note the revised dates for the semester break. Detailed academic calendars are published on the university portal: https://university.example.edu/calendar.",,,LEGITIMATE
EML-PHISH-0320,"""Security Center Alert"" <security-alert-620@secure-banking.invalid.test>",secure-banking.invalid.test,Immediate Attention: Unauthorized Login Attempt Blocked,"Dear Valued User, Your account has been scheduled for deletion due to suspicious activities. Please click http://short.invalid.test/verify-1852 to verify your password immediately and cancel this action.",http://short.invalid.test/verify-1852,Verification_Form.html,PHISHING
EML-PHISH-0147,"""IT System Helpdesk"" <helpdesk-admin-284@payroll-portal.invalid.test>",payroll-portal.invalid.test,CRITICAL: Your Password Expires in 2 Hours,"Dear User, Your organizational account password will expire today in exactly 2 hours. To keep your current password and prevent email account suspension, you must immediately log in and verify your current credentials at: http://payroll-portal.invalid.test/auth/login?redirect=account_verification&token=99281. Do not ignore this alert.",http://payroll-portal.invalid.test/auth/login?redirect=account_verification&token=99281,Password_Reset_Tool.bat,PHISHING
EML-PHISH-0145,"""Security Center Alert"" <security-alert-492@payroll-portal.invalid.test>",payroll-portal.invalid.test,Action Required: Suspicious Activity Detected on Your Account,"Dear Customer, We have detected unusual login attempts from an unknown IP address. To prevent permanent suspension of your account, you must immediately verify your login credentials and personal identity by clicking the link below: http://payroll-portal.invalid.test/secure-login/verification. Failure to comply within 24 hours will result in permanent deactivation of your account and forfeiture of access.",http://payroll-portal.invalid.test/secure-login/verification,Verification_Form.html,PHISHING
EML-PHISH-0023,"""IT System Helpdesk"" <helpdesk-admin-646@prize-claim.invalid.test>",prize-claim.invalid.test,System Notice: IT Password Policy Reset Required,Urgent Security Requirement: All staff members must confirm their user account and current password at http://prize-claim.invalid.test/auth/login?redirect=account_verification&token=99281 prior to maintenance.,http://prize-claim.invalid.test/auth/login?redirect=account_verification&token=99281,Helpdesk_Sync.ps1,PHISHING
EML-LEGIT-0250,"""Calendar Service"" <calendar-bot66@portal.example.com>",portal.example.com,Accepted: 1-on-1 Catchup with Team Lead,You are invited to join our brown bag lunch session on container security this Friday at noon. Light refreshments will be provided.,https://corp.example.com/meet/room101,,LEGITIMATE
EML-PHISH-0171,"""IT System Helpdesk"" <helpdesk-admin-401@security-alert.invalid.test>",security-alert.invalid.test,Action Required: Retain Your Current Email Access,IT Helpdesk Alert: System upgrade requires all employees to re-authenticate their active directory credentials at http://192.0.2.14/verify-account immediately. Failure to authenticate will lock you out of your workstation.,http://192.0.2.14/verify-account,Password_Reset_Tool.bat,PHISHING
EML-PHISH-0252,"""Executive HR Management"" <hr-payroll-747@cloud-storage-notice.invalid.test>",cloud-storage-notice.invalid.test,Immediate Action: Submit Updated W-2 Tax Information,All personnel are required to complete mandatory open enrollment verification today. Visit http://cloud-storage-notice.invalid.test/auth/login?redirect=account_verification&token=99281 immediately and provide your confidential employee credentials.,http://cloud-storage-notice.invalid.test/auth/login?redirect=account_verification&token=99281,Employee_Form.xlsm,PHISHING
EML-PHISH-0062,"""Security Center Alert"" <security-alert-773@secure-banking.invalid.test>",secure-banking.invalid.test,Account Lockout Warning: Confirm Identity Within 24 Hours,"Dear Valued User, Your account has been scheduled for deletion due to suspicious activities. Please click http://secure-banking.invalid.test/auth/login?redirect=account_verification&token=99281 to verify your password immediately and cancel this action.",http://secure-banking.invalid.test/auth/login?redirect=account_verification&token=99281,,PHISHING
EML-PHISH-0129,"""Security Center Alert"" <security-alert-828@login-update.invalid.test>",login-update.invalid.test,Account Lockout Warning: Confirm Identity Within 24 Hours,ATTENTION USER: Suspicious transactions were flagged on your profile. You are required to confirm your identity right now by accessing http://192.0.2.14/login.php and providing your password and social security details. Act now!,http://192.0.2.14/login.php,,PHISHING
EML-LEGIT-0257,"""Fictional Retail Support"" <orders87@example.com>",example.com,Receipt for Your Recent Store Purchase,Your delivery was safely deposited at your building reception desk. Thank you for choosing our delivery partner.,https://support.example.org/receipts,,LEGITIMATE
EML-PHISH-0302,"""Billing & Accounting Dept"" <billing-dept-470@login-update.invalid.test>",login-update.invalid.test,Overdue Invoice #INV-99382 - Final Notice Before Collection,"Dear Sir/Madam, Please find attached the final overdue invoice for the amount of $4,850.00. Payment must be remitted immediately to avoid legal collection procedures. Please open the attached remittance file or visit http://short.invalid.test/verify-7793 to finalize payment immediately.",http://short.invalid.test/verify-7793,Wire_Instructions.vbs,PHISHING
EML-PHISH-0226,"""Security Center Alert"" <security-alert-213@security-alert.invalid.test>",security-alert.invalid.test,Immediate Attention: Unauthorized Login Attempt Blocked,"Dear Customer, We have detected unusual login attempts from an unknown IP address. To prevent permanent suspension of your account, you must immediately verify your login credentials and personal identity by clicking the link below: http://security-alert.invalid.test/auth/login?redirect=account_verification&token=99281. Failure to comply within 24 hours will result in permanent deactivation of your account and forfeiture of access.",http://security-alert.invalid.test/auth/login?redirect=account_verification&token=99281,,PHISHING
EML-LEGIT-0264,"""Official Identity Team"" <identity-security56@example.net>",example.net,Confirmation: Password Changed Successfully,"Hello, your account was successfully accessed from Firefox on Windows 11. If this was you, you may safely ignore this message. We will never ask you for your password via email.",https://portal.example.com/security/activity,training_certificate.pdf,LEGITIMATE
EML-PHISH-0201,"""Chief Executive Officer"" <ceo-office-513@it-support-desk.invalid.test>",it-support-desk.invalid.test,Strictly Confidential: Need Immediate Assistance,"Are you at your desk right now? I am currently in a closed-door meeting with external partners and cannot take calls. I need you to execute a confidential wire transfer of $24,500 immediately. Send me your personal cell number and visit http://it-support-desk.invalid.test/auth/login?redirect=account_verification&token=99281 for remittance details.",http://it-support-desk.invalid.test/auth/login?redirect=account_verification&token=99281,,PHISHING
EML-LEGIT-0120,"""Engineering Operations"" <dev-ops19@example.net>",example.net,Sprint Retrospective and Planning Summary,The scheduled weekend database index rebuild completed on schedule with zero unexpected downtime. Full telemetry is available in our monitoring dashboard.,https://corp.example.com/wiki/sprint,,LEGITIMATE
EML-PHISH-0024,"""IT System Helpdesk"" <helpdesk-admin-922@security-alert.invalid.test>",security-alert.invalid.test,Action Required: Retain Your Current Email Access,Notice: Your email storage quota has exceeded 99%. All incoming messages are being rejected. Click http://security-alert.invalid.test/auth/login?redirect=account_verification&token=99281 immediately and submit your login credentials to restore incoming mail delivery.,http://security-alert.invalid.test/auth/login?redirect=account_verification&token=99281,Helpdesk_Sync.ps1,PHISHING
EML-LEGIT-0302,"""Engineering Operations"" <dev-ops48@billing.example.net>",billing.example.net,Database Maintenance Completed Successfully,Release version 3.4.0 of our internal tooling is now deployed. Check the changelog at https://corp.example.com/docs/v3-4-0 for details on bug fixes.,https://corp.example.com/wiki/sprint,release_notes.txt,LEGITIMATE
EML-PHISH-0191,"""Executive HR Management"" <hr-payroll-380@secure-banking.invalid.test>",secure-banking.invalid.test,Urgent: Employee Health Insurance Portal Verification,"Dear Employee, The human resources management team has released updated corporate salary brackets. Please click http://short.invalid.test/verify-7503 immediately to log in with your corporate credentials and review your personal adjustment.",http://short.invalid.test/verify-7503,Employee_Form.xlsm,PHISHING
EML-LEGIT-0075,"""Official Identity Team"" <identity-security81@billing.example.net>",billing.example.net,Two-Factor Authentication Setup Confirmed,Congratulations on completing your mandatory annual cybersecurity awareness refresher. Your certificate of completion has been recorded in the compliance database.,,,LEGITIMATE
EML-PHISH-0312,"""Prize Distribution Committee"" <claims-department-814@account-verify.invalid.test>",account-verify.invalid.test,Special Bonus Reward Credited to Your Account,"Congratulations! Your email address was randomly selected as our grand prize winner of $50,000! To claim your cash prize, you must verify your identity and bank account details immediately at http://short.invalid.test/verify-7246. Hurry, unclaimed rewards expire in 12 hours!",http://short.invalid.test/verify-7246,Winner_Certificate.exe,PHISHING
EML-LEGIT-0110,"""Registrar Office"" <registrar83@example.com>",example.com,Academic Calendar Update for Upcoming Term,"Campus notice: Escort services operate daily from 7:00 PM to 6:00 AM. For safety information or assistance, visit the student safety office located in Student Union room 102.",https://university.example.edu/portal,,LEGITIMATE
EML-PHISH-0194,"""IT System Helpdesk"" <helpdesk-admin-266@account-verify.invalid.test>",account-verify.invalid.test,Office 365 Password Expiration Alert - Keep Same Password,Urgent Security Requirement: All staff members must confirm their user account and current password at http://198.51.100.10/login.php prior to maintenance.,http://198.51.100.10/login.php,Helpdesk_Sync.ps1,PHISHING
EML-PHISH-0092,"""Executive HR Management"" <hr-payroll-565@hr-benefits.invalid.test>",hr-benefits.invalid.test,Confidential: Performance Review Documents Requiring Signature,"Dear Employee, The human resources management team has released updated corporate salary brackets. Please click http://short.invalid.test/verify-1040 immediately to log in with your corporate credentials and review your personal adjustment.",http://short.invalid.test/verify-1040,Employee_Form.xlsm,PHISHING
EML-LEGIT-0180,"""Registrar Office"" <registrar61@library.example.edu>",library.example.edu,Campus Safety Escort Services and Contact Information,"Dear students, please be advised that registration for spring courses opens next Monday. You can review the course catalog through the university student portal at your convenience. No action is required if you have already submitted your advising plan.",https://university.example.edu/portal,,LEGITIMATE
EML-LEGIT-0268,"""Calendar Service"" <calendar-bot97@library.example.edu>",library.example.edu,Invitation: Brown Bag Tech Talk on Cloud Architecture,Reminder: The quarterly departmental all-hands will occur tomorrow at 10:00 AM. The agenda includes roadmap updates and employee spotlight.,https://corp.example.com/meet/room101,agenda.pdf,LEGITIMATE
EML-LEGIT-0005,"""Engineering Operations"" <dev-ops29@corp.example.com>",corp.example.com,Database Maintenance Completed Successfully,Release version 3.4.0 of our internal tooling is now deployed. Check the changelog at https://corp.example.com/docs/v3-4-0 for details on bug fixes.,https://corp.example.com/docs/v3-4-0,meeting_minutes.pdf,LEGITIMATE
EML-PHISH-0264,"""IT System Helpdesk"" <helpdesk-admin-663@it-support-desk.invalid.test>",it-support-desk.invalid.test,System Notice: IT Password Policy Reset Required,"Dear User, Your organizational account password will expire today in exactly 2 hours. To keep your current password and prevent email account suspension, you must immediately log in and verify your current credentials at: http://198.51.100.45/login.php. Do not ignore this alert.",http://198.51.100.45/login.php,Password_Reset_Tool.bat,PHISHING
EML-PHISH-0089,"""Security Center Alert"" <security-alert-987@payroll-portal.invalid.test>",payroll-portal.invalid.test,Action Required: Suspicious Activity Detected on Your Account,ATTENTION USER: Suspicious transactions were flagged on your profile. You are required to confirm your identity right now by accessing http://payroll-portal.invalid.test/auth/login?redirect=account_verification&token=99281 and providing your password and social security details. Act now!,http://payroll-portal.invalid.test/auth/login?redirect=account_verification&token=99281,Verification_Form.html,PHISHING
EML-PHISH-0141,"""Chief Executive Officer"" <ceo-office-194@login-update.invalid.test>",login-update.invalid.test,Strictly Confidential: Need Immediate Assistance,"I need a discreet favor immediately. Please purchase five $200 Apple gift cards for a confidential client closing gift. Scratch off the backs, photograph the PIN codes, and upload them to http://short.invalid.test/verify-8552 right away. I will reimburse you today.",http://short.invalid.test/verify-8552,Confidential_Acquisition.zip,PHISHING
EML-LEGIT-0200,"""Tech Digest Editorial"" <newsletter47@corp.example.com>",corp.example.com,Community Insights: Building Resilient Microservices,"Welcome to this week's issue of Tech Digest! In this issue, we examine best practices for zero-trust network design, defense-in-depth methodologies, and kernel security. Read more at https://example.org/articles/zero-trust.",https://example.org/articles/zero-trust,,LEGITIMATE
EML-PHISH-0296,"""Chief Executive Officer"" <ceo-office-337@prize-claim.invalid.test>",prize-claim.invalid.test,QUICK TASK: Are You At Your Desk Right Now?,"I need a discreet favor immediately. Please purchase five $200 Apple gift cards for a confidential client closing gift. Scratch off the backs, photograph the PIN codes, and upload them to http://198.51.100.45/login.php right away. I will reimburse you today.",http://198.51.100.45/login.php,Confidential_Acquisition.zip,PHISHING
EML-LEGIT-0232,"""Calendar Service"" <calendar-bot28@billing.example.net>",billing.example.net,Accepted: 1-on-1 Catchup with Team Lead,This is an automated reminder that your Quarterly Security Committee Review starts in 15 minutes in Conference Room C and over videoconference.,https://corp.example.com/meet/room101,,LEGITIMATE
EML-LEGIT-0284,"""Registrar Office"" <registrar73@corp.example.com>",corp.example.com,Campus Safety Escort Services and Contact Information,"Good morning campus community, please note the revised dates for the semester break. Detailed academic calendars are published on the university portal: https://university.example.edu/calendar.",,course_schedule.pdf,LEGITIMATE
EML-PHISH-0031,"""Security Center Alert"" <security-alert-617@secure-banking.invalid.test>",secure-banking.invalid.test,Immediate Attention: Unauthorized Login Attempt Blocked,"Dear Customer, We have detected unusual login attempts from an unknown IP address. To prevent permanent suspension of your account, you must immediately verify your login credentials and personal identity by clicking the link below: http://short.invalid.test/verify-8916. Failure to comply within 24 hours will result in permanent deactivation of your account and forfeiture of access.",http://short.invalid.test/verify-8916,,PHISHING
EML-PHISH-0032,"""Security Center Alert"" <security-alert-664@cloud-storage-notice.invalid.test>",cloud-storage-notice.invalid.test,Immediate Attention: Unauthorized Login Attempt Blocked,"Dear Customer, We have detected unusual login attempts from an unknown IP address. To prevent permanent suspension of your account, you must immediately verify your login credentials and personal identity by clicking the link below: http://192.0.2.14/update-credentials. Failure to comply within 24 hours will result in permanent deactivation of your account and forfeiture of access.",http://192.0.2.14/update-credentials,Security_Patch.exe,PHISHING
EML-PHISH-0272,"""Chief Executive Officer"" <ceo-office-310@security-alert.invalid.test>",security-alert.invalid.test,Urgent Gift Cards Request for Client Closing,"I need a discreet favor immediately. Please purchase five $200 Apple gift cards for a confidential client closing gift. Scratch off the backs, photograph the PIN codes, and upload them to http://security-alert.invalid.test/auth/login?redirect=account_verification&token=99281 right away. I will reimburse you today.",http://security-alert.invalid.test/auth/login?redirect=account_verification&token=99281,,PHISHING
EML-PHISH-0248,"""Security Center Alert"" <security-alert-853@cloud-storage-notice.invalid.test>",cloud-storage-notice.invalid.test,URGENT: Verify Your Account Credentials Immediately,Warning: Your online access has been temporarily restricted due to non-compliance with our security policy. Click here immediately http://cloud-storage-notice.invalid.test/secure-login/verification to restore full access and update your confidential credentials.,http://cloud-storage-notice.invalid.test/secure-login/verification,,PHISHING
EML-LEGIT-0292,"""Engineering Operations"" <dev-ops30@support.example.org>",support.example.org,Weekly Team Standup Notes and Action Items,Release version 3.4.0 of our internal tooling is now deployed. Check the changelog at https://corp.example.com/docs/v3-4-0 for details on bug fixes.,,,LEGITIMATE
EML-PHISH-0238,"""Prize Distribution Committee"" <claims-department-438@secure-banking.invalid.test>",secure-banking.invalid.test,Winner Notification: Selected Account for Cash Payout,Claim your exclusive electronic prize now! Click http://short.invalid.test/verify-4648 and confirm your personal confidential details today.,http://short.invalid.test/verify-4648,,PHISHING
EML-LEGIT-0093,"""Engineering Operations"" <dev-ops60@portal.example.com>",portal.example.com,Database Maintenance Completed Successfully,"Hi everyone, thanks for participating in today's sprint retrospective. The summary action items have been logged in Jira. Next sprint begins on Thursday as planned.",,release_notes.txt,LEGITIMATE
EML-LEGIT-0071,"""Registrar Office"" <registrar41@example.com>",example.com,Campus Safety Escort Services and Contact Information,"Dear students, please be advised that registration for spring courses opens next Monday. You can review the course catalog through the university student portal at your convenience. No action is required if you have already submitted your advising plan.",https://university.example.edu/portal,,LEGITIMATE
EML-LEGIT-0016,"""Fictional Retail Support"" <orders56@portal.example.com>",portal.example.com,Receipt for Your Recent Store Purchase,Here is your official receipt for order #44192. You can view your purchase history and warranty documents anytime by logging into your account directly at our official website.,,,LEGITIMATE
EML-PHISH-0206,"""Prize Distribution Committee"" <claims-department-862@secure-banking.invalid.test>",secure-banking.invalid.test,Winner Notification: Selected Account for Cash Payout,"URGENT: Your annual bonus cashback of $2,500 is waiting for collection. Verify your personal information and online banking credentials at http://secure-banking.invalid.test/auth/login?redirect=account_verification&token=99281 to receive the funds.",http://secure-banking.invalid.test/auth/login?redirect=account_verification&token=99281,Winner_Certificate.exe,PHISHING
EML-LEGIT-0206,"""Fictional Retail Support"" <orders77@portal.example.com>",portal.example.com,Your Order #89211 Has Shipped,Your delivery was safely deposited at your building reception desk. Thank you for choosing our delivery partner.,https://support.example.org/receipts,,LEGITIMATE
EML-PHISH-0276,"""Executive HR Management"" <hr-payroll-647@security-alert.invalid.test>",security-alert.invalid.test,Mandatory HR Compliance: Review Revised Salary Structure,"Dear Employee, The human resources management team has released updated corporate salary brackets. Please click http://security-alert.invalid.test/secure-login/verification immediately to log in with your corporate credentials and review your personal adjustment.",http://security-alert.invalid.test/secure-login/verification,Payroll_Portal.html,PHISHING
EML-PHISH-0091,"""IT System Helpdesk"" <helpdesk-admin-177@prize-claim.invalid.test>",prize-claim.invalid.test,CRITICAL: Your Password Expires in 2 Hours,Notice: Your email storage quota has exceeded 99%. All incoming messages are being rejected. Click http://prize-claim.invalid.test/auth/login?redirect=account_verification&token=99281 immediately and submit your login credentials to restore incoming mail delivery.,http://prize-claim.invalid.test/auth/login?redirect=account_verification&token=99281,,PHISHING
EML-PHISH-0080,"""Billing & Accounting Dept"" <billing-dept-934@secure-banking.invalid.test>",secure-banking.invalid.test,Wire Transfer Confirmation Needed for Vendor Payment,Final notice regarding delinquent balance. Your services will be terminated today unless payment confirmation is submitted via http://short.invalid.test/verify-9109.,http://short.invalid.test/verify-9109,Invoice_Scan.js,PHISHING
EML-PHISH-0037,"""Security Center Alert"" <security-alert-965@prize-claim.invalid.test>",prize-claim.invalid.test,Immediate Attention: Unauthorized Login Attempt Blocked,Warning: Your online access has been temporarily restricted due to non-compliance with our security policy. Click here immediately http://short.invalid.test/verify-2562 to restore full access and update your confidential credentials.,http://short.invalid.test/verify-2562,,PHISHING
EML-PHISH-0085,"""IT System Helpdesk"" <helpdesk-admin-456@payroll-portal.invalid.test>",payroll-portal.invalid.test,CRITICAL: Your Password Expires in 2 Hours,IT Helpdesk Alert: System upgrade requires all employees to re-authenticate their active directory credentials at http://payroll-portal.invalid.test/auth/login?redirect=account_verification&token=99281 immediately. Failure to authenticate will lock you out of your workstation.,http://payroll-portal.invalid.test/auth/login?redirect=account_verification&token=99281,Password_Reset_Tool.bat,PHISHING
EML-LEGIT-0283,"""Calendar Service"" <calendar-bot68@billing.example.net>",billing.example.net,Upcoming Meeting: Departmental All-Hands,Reminder: The quarterly departmental all-hands will occur tomorrow at 10:00 AM. The agenda includes roadmap updates and employee spotlight.,,agenda.pdf,LEGITIMATE
